/*
SQLyog Ultimate v10.00 Beta1
MySQL - 8.0.16 : Database - wukongdiancan_4.0_yunkeli
*********************************************************************
*/

/*!40101 SET NAMES utf8 */;

/*!40101 SET SQL_MODE=''*/;

/*!40014 SET @OLD_UNIQUE_CHECKS=@@UNIQUE_CHECKS, UNIQUE_CHECKS=0 */;
/*!40014 SET @OLD_FOREIGN_KEY_CHECKS=@@FOREIGN_KEY_CHECKS, FOREIGN_KEY_CHECKS=0 */;
/*!40101 SET @OLD_SQL_MODE=@@SQL_MODE, SQL_MODE='NO_AUTO_VALUE_ON_ZERO' */;
/*!40111 SET @OLD_SQL_NOTES=@@SQL_NOTES, SQL_NOTES=0 */;
CREATE DATABASE /*!32312 IF NOT EXISTS*/`wukongdiancan_4.0_yunkeli` /*!40100 DEFAULT CHARACTER SET utf8 COLLATE utf8_bin */ /*!80016 DEFAULT ENCRYPTION='N' */;

USE `wukongdiancan_4.0_yunkeli`;

/*Table structure for table `db_admin` */

DROP TABLE IF EXISTS `db_admin`;

CREATE TABLE `db_admin` (
  `id` int(11) NOT NULL AUTO_INCREMENT,
  `name` varchar(200) DEFAULT NULL,
  `account` varchar(200) DEFAULT NULL,
  `password` varchar(200) DEFAULT NULL,
  `type` int(11) DEFAULT '1',
  `create_date` datetime DEFAULT NULL,
  PRIMARY KEY (`id`)
) ENGINE=InnoDB AUTO_INCREMENT=4 DEFAULT CHARSET=utf8;

/*Data for the table `db_admin` */

insert  into `db_admin`(`id`,`name`,`account`,`password`,`type`,`create_date`) values (1,'administrator','administrator','8b9ef712828c465686613d39f01b6669',1,'2017-06-02 10:44:41'),(2,'分管理员一号','admin001','2084e2c5e53d3f2adb750e9fde84b7ed',2,'2020-08-06 15:23:39'),(3,'分管理员二号','admin002','c2e45ecbab527a8d640c61c2e0866625',2,'2020-08-06 15:24:11');

/*Table structure for table `db_admin_goods` */

DROP TABLE IF EXISTS `db_admin_goods`;

CREATE TABLE `db_admin_goods` (
  `id` int(11) NOT NULL AUTO_INCREMENT,
  `title` varchar(200) DEFAULT NULL,
  `month` int(11) DEFAULT NULL,
  `price` float DEFAULT NULL,
  `create_date` datetime DEFAULT NULL,
  PRIMARY KEY (`id`)
) ENGINE=InnoDB AUTO_INCREMENT=9 DEFAULT CHARSET=utf8;

/*Data for the table `db_admin_goods` */

insert  into `db_admin_goods`(`id`,`title`,`month`,`price`,`create_date`) values (1,'1个月',1,0.01,'2018-01-18 15:20:15'),(2,'2个月',2,0.02,'2018-01-18 15:20:16'),(3,'3个月',3,0.03,'2018-01-18 15:20:17'),(4,'6个月',6,0.06,'2018-01-18 15:20:18'),(5,'1年',12,0.1,'2018-01-18 15:20:19'),(6,'2年',24,0.2,'2018-01-18 15:20:20'),(7,'3年',36,0.3,'2018-01-18 15:20:20'),(8,'4年',48,0.4,'2018-01-18 15:20:21');

/*Table structure for table `db_admin_menu` */

DROP TABLE IF EXISTS `db_admin_menu`;

CREATE TABLE `db_admin_menu` (
  `id` int(11) NOT NULL AUTO_INCREMENT,
  `admin_id` int(11) DEFAULT NULL,
  `menu_id` int(11) DEFAULT NULL,
  `create_date` datetime DEFAULT NULL,
  PRIMARY KEY (`id`),
  KEY `admin_id` (`admin_id`),
  KEY `menu_id` (`menu_id`),
  CONSTRAINT `db_admin_menu_ibfk_1` FOREIGN KEY (`admin_id`) REFERENCES `db_admin` (`id`),
  CONSTRAINT `db_admin_menu_ibfk_2` FOREIGN KEY (`menu_id`) REFERENCES `db_menu` (`id`)
) ENGINE=InnoDB AUTO_INCREMENT=60 DEFAULT CHARSET=utf8;

/*Data for the table `db_admin_menu` */

insert  into `db_admin_menu`(`id`,`admin_id`,`menu_id`,`create_date`) values (1,1,23,'2018-01-29 11:58:45'),(19,1,27,'2018-01-29 11:59:32'),(21,1,21,'2018-01-29 11:59:33'),(22,1,25,'2018-01-29 11:59:34'),(24,1,24,'2018-01-29 11:59:36'),(26,1,28,'2018-01-29 11:59:37'),(27,1,22,'2018-01-29 11:59:39'),(28,1,20,'2018-01-29 11:59:39'),(44,1,37,'2018-01-29 11:59:36'),(45,1,38,'2018-01-29 11:59:34'),(46,1,39,'2018-01-29 11:59:34'),(47,1,40,'2018-01-29 11:59:36'),(48,2,20,'2020-08-06 15:23:39'),(49,2,21,'2020-08-06 15:23:39'),(50,2,38,'2020-08-06 15:23:39'),(51,2,27,'2020-08-06 15:23:39'),(52,2,39,'2020-08-06 15:23:39'),(53,2,40,'2020-08-06 15:23:39'),(54,3,22,'2020-08-06 15:24:11'),(55,3,25,'2020-08-06 15:24:11'),(56,3,37,'2020-08-06 15:24:11'),(57,3,28,'2020-08-06 15:24:11'),(58,3,24,'2020-08-06 15:24:11'),(59,3,23,'2020-08-06 15:24:11');

/*Table structure for table `db_area` */

DROP TABLE IF EXISTS `db_area`;

CREATE TABLE `db_area` (
  `id` int(11) NOT NULL AUTO_INCREMENT,
  `code` varchar(11) DEFAULT NULL,
  `name` varchar(200) DEFAULT NULL,
  `parent_id` varchar(200) DEFAULT NULL,
  `level` int(11) DEFAULT '1',
  PRIMARY KEY (`id`)
) ENGINE=InnoDB AUTO_INCREMENT=53981 DEFAULT CHARSET=utf8 COMMENT='全国省市区街道';

/*Data for the table `db_area` */

insert  into `db_area`(`id`,`code`,`name`,`parent_id`,`level`) values (48337,'210100','沈阳市','210000',2),(48338,'210200','大连市','210000',2),(48339,'210300','鞍山市','210000',2),(48340,'210400','抚顺市','210000',2),(48341,'210500','本溪市','210000',2),(48342,'210600','丹东市','210000',2),(48343,'210700','锦州市','210000',2),(48344,'210800','营口市','210000',2),(48345,'210900','阜新市','210000',2),(48346,'211000','辽阳市','210000',2),(48347,'211100','盘锦市','210000',2),(48348,'211200','铁岭市','210000',2),(48349,'211300','朝阳市','210000',2),(48350,'211400','葫芦岛市','210000',2),(48351,'110000','北京市','0',1),(48352,'120000','天津市','0',1),(48353,'130000','河北省','0',1),(48354,'140000','山西省','0',1),(48355,'150000','内蒙古自治区','0',1),(48356,'210000','辽宁省','0',1),(48357,'220000','吉林省','0',1),(48358,'230000','黑龙江省','0',1),(48359,'310000','上海市','0',1),(48360,'320000','江苏省','0',1),(48361,'330000','浙江省','0',1),(48362,'340000','安徽省','0',1),(48363,'350000','福建省','0',1),(48364,'360000','江西省','0',1),(48365,'370000','山东省','0',1),(48366,'410000','河南省','0',1),(48367,'420000','湖北省','0',1),(48368,'430000','湖南省','0',1),(48369,'440000','广东省','0',1),(48370,'450000','广西壮族自治区','0',1),(48371,'460000','海南省','0',1),(48372,'500000','重庆市','0',1),(48373,'510000','四川省','0',1),(48374,'520000','贵州省','0',1),(48375,'530000','云南省','0',1),(48376,'540000','西藏自治区','0',1),(48377,'610000','陕西省','0',1),(48378,'620000','甘肃省','0',1),(48379,'630000','青海省','0',1),(48380,'640000','宁夏回族自治区','0',1),(48381,'650000','新疆维吾尔自治区','0',1),(48382,'710000','台湾省','0',1),(48383,'810000','香港特别行政区','0',1),(48384,'820000','澳门特别行政区','0',1),(48385,'110101','东城区','110000',2),(48386,'110102','西城区','110000',2),(48387,'110105','朝阳区','110000',2),(48388,'110106','丰台区','110000',2),(48389,'110107','石景山区','110000',2),(48390,'110108','海淀区','110000',2),(48391,'110109','门头沟区','110000',2),(48392,'110111','房山区','110000',2),(48393,'110112','通州区','110000',2),(48394,'110113','顺义区','110000',2),(48395,'110114','昌平区','110000',2),(48396,'110115','大兴区','110000',2),(48397,'110116','怀柔区','110000',2),(48398,'110117','平谷区','110000',2),(48399,'110118','密云区','110000',2),(48400,'110119','延庆区','110000',2),(48401,'120101','和平区','120000',2),(48402,'120102','河东区','120000',2),(48403,'120103','河西区','120000',2),(48404,'120104','南开区','120000',2),(48405,'120105','河北区','120000',2),(48406,'120106','红桥区','120000',2),(48407,'120110','东丽区','120000',2),(48408,'120111','西青区','120000',2),(48409,'120112','津南区','120000',2),(48410,'120113','北辰区','120000',2),(48411,'120114','武清区','120000',2),(48412,'120115','宝坻区','120000',2),(48413,'120116','滨海新区','120000',2),(48414,'120117','宁河区','120000',2),(48415,'120118','静海区','120000',2),(48416,'120119','蓟州区','120000',2),(48417,'130100','石家庄市','130000',2),(48418,'130200','唐山市','130000',2),(48419,'130300','秦皇岛市','130000',2),(48420,'130400','邯郸市','130000',2),(48421,'130500','邢台市','130000',2),(48422,'130600','保定市','130000',2),(48423,'130700','张家口市','130000',2),(48424,'130800','承德市','130000',2),(48425,'130900','沧州市','130000',2),(48426,'131000','廊坊市','130000',2),(48427,'131100','衡水市','130000',2),(48428,'139001','定州市','130000',2),(48429,'139002','辛集市','130000',2),(48430,'140100','太原市','140000',2),(48431,'140200','大同市','140000',2),(48432,'140300','阳泉市','140000',2),(48433,'140400','长治市','140000',2),(48434,'140500','晋城市','140000',2),(48435,'140600','朔州市','140000',2),(48436,'140700','晋中市','140000',2),(48437,'140800','运城市','140000',2),(48438,'140900','忻州市','140000',2),(48439,'141000','临汾市','140000',2),(48440,'141100','吕梁市','140000',2),(48441,'150100','呼和浩特市','150000',2),(48442,'150200','包头市','150000',2),(48443,'150300','乌海市','150000',2),(48444,'150400','赤峰市','150000',2),(48445,'150500','通辽市','150000',2),(48446,'150600','鄂尔多斯市','150000',2),(48447,'150700','呼伦贝尔市','150000',2),(48448,'150800','巴彦淖尔市','150000',2),(48449,'150900','乌兰察布市','150000',2),(48450,'152200','兴安盟','150000',2),(48451,'152500','锡林郭勒盟','150000',2),(48452,'152900','阿拉善盟','150000',2),(48453,'210100','沈阳市','210000',2),(48454,'210200','大连市','210000',2),(48455,'210300','鞍山市','210000',2),(48456,'210400','抚顺市','210000',2),(48457,'210500','本溪市','210000',2),(48458,'210600','丹东市','210000',2),(48459,'210700','锦州市','210000',2),(48460,'210800','营口市','210000',2),(48461,'210900','阜新市','210000',2),(48462,'211000','辽阳市','210000',2),(48463,'211100','盘锦市','210000',2),(48464,'211200','铁岭市','210000',2),(48465,'211300','朝阳市','210000',2),(48466,'211400','葫芦岛市','210000',2),(48467,'220100','长春市','220000',2),(48468,'220200','吉林市','220000',2),(48469,'220300','四平市','220000',2),(48470,'220400','辽源市','220000',2),(48471,'220500','通化市','220000',2),(48472,'220600','白山市','220000',2),(48473,'220700','松原市','220000',2),(48474,'220800','白城市','220000',2),(48475,'222400','延边朝鲜族自治州','220000',2),(48476,'230100','哈尔滨市','230000',2),(48477,'230200','齐齐哈尔市','230000',2),(48478,'230300','鸡西市','230000',2),(48479,'230400','鹤岗市','230000',2),(48480,'230500','双鸭山市','230000',2),(48481,'230600','大庆市','230000',2),(48482,'230700','伊春市','230000',2),(48483,'230800','佳木斯市','230000',2),(48484,'230900','七台河市','230000',2),(48485,'231000','牡丹江市','230000',2),(48486,'231100','黑河市','230000',2),(48487,'231200','绥化市','230000',2),(48488,'232700','大兴安岭地区','230000',2),(48489,'310101','黄浦区','310000',2),(48490,'310104','徐汇区','310000',2),(48491,'310105','长宁区','310000',2),(48492,'310106','静安区','310000',2),(48493,'310107','普陀区','310000',2),(48494,'310109','虹口区','310000',2),(48495,'310110','杨浦区','310000',2),(48496,'310112','闵行区','310000',2),(48497,'310113','宝山区','310000',2),(48498,'310114','嘉定区','310000',2),(48499,'310115','浦东新区','310000',2),(48500,'310116','金山区','310000',2),(48501,'310117','松江区','310000',2),(48502,'310118','青浦区','310000',2),(48503,'310120','奉贤区','310000',2),(48504,'310151','崇明区','310000',2),(48505,'320100','南京市','320000',2),(48506,'320200','无锡市','320000',2),(48507,'320300','徐州市','320000',2),(48508,'320400','常州市','320000',2),(48509,'320500','苏州市','320000',2),(48510,'320600','南通市','320000',2),(48511,'320700','连云港市','320000',2),(48512,'320800','淮安市','320000',2),(48513,'320900','盐城市','320000',2),(48514,'321000','扬州市','320000',2),(48515,'321100','镇江市','320000',2),(48516,'321200','泰州市','320000',2),(48517,'321300','宿迁市','320000',2),(48518,'330100','杭州市','330000',2),(48519,'330200','宁波市','330000',2),(48520,'330300','温州市','330000',2),(48521,'330400','嘉兴市','330000',2),(48522,'330500','湖州市','330000',2),(48523,'330600','绍兴市','330000',2),(48524,'330700','金华市','330000',2),(48525,'330800','衢州市','330000',2),(48526,'330900','舟山市','330000',2),(48527,'331000','台州市','330000',2),(48528,'331100','丽水市','330000',2),(48529,'340100','合肥市','340000',2),(48530,'340200','芜湖市','340000',2),(48531,'340300','蚌埠市','340000',2),(48532,'340400','淮南市','340000',2),(48533,'340500','马鞍山市','340000',2),(48534,'340600','淮北市','340000',2),(48535,'340700','铜陵市','340000',2),(48536,'340800','安庆市','340000',2),(48537,'341000','黄山市','340000',2),(48538,'341100','滁州市','340000',2),(48539,'341200','阜阳市','340000',2),(48540,'341300','宿州市','340000',2),(48541,'341500','六安市','340000',2),(48542,'341600','亳州市','340000',2),(48543,'341700','池州市','340000',2),(48544,'341800','宣城市','340000',2),(48545,'350100','福州市','350000',2),(48546,'350200','厦门市','350000',2),(48547,'350300','莆田市','350000',2),(48548,'350400','三明市','350000',2),(48549,'350500','泉州市','350000',2),(48550,'350600','漳州市','350000',2),(48551,'350700','南平市','350000',2),(48552,'350800','龙岩市','350000',2),(48553,'350900','宁德市','350000',2),(48554,'360100','南昌市','360000',2),(48555,'360200','景德镇市','360000',2),(48556,'360300','萍乡市','360000',2),(48557,'360400','九江市','360000',2),(48558,'360500','新余市','360000',2),(48559,'360600','鹰潭市','360000',2),(48560,'360700','赣州市','360000',2),(48561,'360800','吉安市','360000',2),(48562,'360900','宜春市','360000',2),(48563,'361000','抚州市','360000',2),(48564,'361100','上饶市','360000',2),(48565,'370100','济南市','370000',2),(48566,'370200','青岛市','370000',2),(48567,'370300','淄博市','370000',2),(48568,'370400','枣庄市','370000',2),(48569,'370500','东营市','370000',2),(48570,'370600','烟台市','370000',2),(48571,'370700','潍坊市','370000',2),(48572,'370800','济宁市','370000',2),(48573,'370900','泰安市','370000',2),(48574,'371000','威海市','370000',2),(48575,'371100','日照市','370000',2),(48576,'371200','莱芜市','370000',2),(48577,'371300','临沂市','370000',2),(48578,'371400','德州市','370000',2),(48579,'371500','聊城市','370000',2),(48580,'371600','滨州市','370000',2),(48581,'371700','菏泽市','370000',2),(48582,'410100','郑州市','410000',2),(48583,'410200','开封市','410000',2),(48584,'410300','洛阳市','410000',2),(48585,'410400','平顶山市','410000',2),(48586,'410500','安阳市','410000',2),(48587,'410600','鹤壁市','410000',2),(48588,'410700','新乡市','410000',2),(48589,'410800','焦作市','410000',2),(48590,'410900','濮阳市','410000',2),(48591,'411000','许昌市','410000',2),(48592,'411100','漯河市','410000',2),(48593,'411200','三门峡市','410000',2),(48594,'411300','南阳市','410000',2),(48595,'411400','商丘市','410000',2),(48596,'411500','信阳市','410000',2),(48597,'411600','周口市','410000',2),(48598,'411700','驻马店市','410000',2),(48599,'419001','济源市','410000',2),(48600,'420100','武汉市','420000',2),(48601,'420200','黄石市','420000',2),(48602,'420300','十堰市','420000',2),(48603,'420500','宜昌市','420000',2),(48604,'420600','襄阳市','420000',2),(48605,'420700','鄂州市','420000',2),(48606,'420800','荆门市','420000',2),(48607,'420900','孝感市','420000',2),(48608,'421000','荆州市','420000',2),(48609,'421100','黄冈市','420000',2),(48610,'421200','咸宁市','420000',2),(48611,'421300','随州市','420000',2),(48612,'422800','恩施土家族苗族自治州','420000',2),(48613,'429004','仙桃市','420000',2),(48614,'429005','潜江市','420000',2),(48615,'429006','天门市','420000',2),(48616,'429021','神农架林区','420000',2),(48617,'430100','长沙市','430000',2),(48618,'430200','株洲市','430000',2),(48619,'430300','湘潭市','430000',2),(48620,'430400','衡阳市','430000',2),(48621,'430500','邵阳市','430000',2),(48622,'430600','岳阳市','430000',2),(48623,'430700','常德市','430000',2),(48624,'430800','张家界市','430000',2),(48625,'430900','益阳市','430000',2),(48626,'431000','郴州市','430000',2),(48627,'431100','永州市','430000',2),(48628,'431200','怀化市','430000',2),(48629,'431300','娄底市','430000',2),(48630,'433100','湘西土家族苗族自治州','430000',2),(48631,'440100','广州市','440000',2),(48632,'440200','韶关市','440000',2),(48633,'440300','深圳市','440000',2),(48634,'440400','珠海市','440000',2),(48635,'440500','汕头市','440000',2),(48636,'440600','佛山市','440000',2),(48637,'440700','江门市','440000',2),(48638,'440800','湛江市','440000',2),(48639,'440900','茂名市','440000',2),(48640,'441200','肇庆市','440000',2),(48641,'441300','惠州市','440000',2),(48642,'441400','梅州市','440000',2),(48643,'441500','汕尾市','440000',2),(48644,'441600','河源市','440000',2),(48645,'441700','阳江市','440000',2),(48646,'441800','清远市','440000',2),(48647,'441900','东莞市','440000',2),(48648,'442000','中山市','440000',2),(48649,'445100','潮州市','440000',2),(48650,'445200','揭阳市','440000',2),(48651,'445300','云浮市','440000',2),(48652,'450100','南宁市','450000',2),(48653,'450200','柳州市','450000',2),(48654,'450300','桂林市','450000',2),(48655,'450400','梧州市','450000',2),(48656,'450500','北海市','450000',2),(48657,'450600','防城港市','450000',2),(48658,'450700','钦州市','450000',2),(48659,'450800','贵港市','450000',2),(48660,'450900','玉林市','450000',2),(48661,'451000','百色市','450000',2),(48662,'451100','贺州市','450000',2),(48663,'451200','河池市','450000',2),(48664,'451300','来宾市','450000',2),(48665,'451400','崇左市','450000',2),(48666,'460100','海口市','460000',2),(48667,'460200','三亚市','460000',2),(48668,'460300','三沙市','460000',2),(48669,'460400','儋州市','460000',2),(48670,'469001','五指山市','460000',2),(48671,'469002','琼海市','460000',2),(48672,'469005','文昌市','460000',2),(48673,'469006','万宁市','460000',2),(48674,'469007','东方市','460000',2),(48675,'469021','定安县','460000',2),(48676,'469022','屯昌县','460000',2),(48677,'469023','澄迈县','460000',2),(48678,'469024','临高县','460000',2),(48679,'469025','白沙黎族自治县','460000',2),(48680,'469026','昌江黎族自治县','460000',2),(48681,'469027','乐东黎族自治县','460000',2),(48682,'469028','陵水黎族自治县','460000',2),(48683,'469029','保亭黎族苗族自治县','460000',2),(48684,'469030','琼中黎族苗族自治县','460000',2),(48685,'500101','万州区','500000',2),(48686,'500102','涪陵区','500000',2),(48687,'500103','渝中区','500000',2),(48688,'500104','大渡口区','500000',2),(48689,'500105','江北区','500000',2),(48690,'500106','沙坪坝区','500000',2),(48691,'500107','九龙坡区','500000',2),(48692,'500108','南岸区','500000',2),(48693,'500109','北碚区','500000',2),(48694,'500110','綦江区','500000',2),(48695,'500111','大足区','500000',2),(48696,'500112','渝北区','500000',2),(48697,'500113','巴南区','500000',2),(48698,'500114','黔江区','500000',2),(48699,'500115','长寿区','500000',2),(48700,'500116','江津区','500000',2),(48701,'500117','合川区','500000',2),(48702,'500118','永川区','500000',2),(48703,'500119','南川区','500000',2),(48704,'500120','璧山区','500000',2),(48705,'500151','铜梁区','500000',2),(48706,'500152','潼南区','500000',2),(48707,'500153','荣昌区','500000',2),(48708,'500154','开州区','500000',2),(48709,'500155','梁平区','500000',2),(48710,'500156','武隆区','500000',2),(48711,'500229','城口县','500000',2),(48712,'500230','丰都县','500000',2),(48713,'500231','垫江县','500000',2),(48714,'500233','忠县','500000',2),(48715,'500235','云阳县','500000',2),(48716,'500236','奉节县','500000',2),(48717,'500237','巫山县','500000',2),(48718,'500238','巫溪县','500000',2),(48719,'500240','石柱土家族自治县','500000',2),(48720,'500241','秀山土家族苗族自治县','500000',2),(48721,'500242','酉阳土家族苗族自治县','500000',2),(48722,'500243','彭水苗族土家族自治县','500000',2),(48723,'510100','成都市','510000',2),(48724,'510300','自贡市','510000',2),(48725,'510400','攀枝花市','510000',2),(48726,'510500','泸州市','510000',2),(48727,'510600','德阳市','510000',2),(48728,'510700','绵阳市','510000',2),(48729,'510800','广元市','510000',2),(48730,'510900','遂宁市','510000',2),(48731,'511000','内江市','510000',2),(48732,'511100','乐山市','510000',2),(48733,'511300','南充市','510000',2),(48734,'511400','眉山市','510000',2),(48735,'511500','宜宾市','510000',2),(48736,'511600','广安市','510000',2),(48737,'511700','达州市','510000',2),(48738,'511800','雅安市','510000',2),(48739,'511900','巴中市','510000',2),(48740,'512000','资阳市','510000',2),(48741,'513200','阿坝藏族羌族自治州','510000',2),(48742,'513300','甘孜藏族自治州','510000',2),(48743,'513400','凉山彝族自治州','510000',2),(48744,'520100','贵阳市','520000',2),(48745,'520200','六盘水市','520000',2),(48746,'520300','遵义市','520000',2),(48747,'520400','安顺市','520000',2),(48748,'520500','毕节市','520000',2),(48749,'520600','铜仁市','520000',2),(48750,'522300','黔西南布依族苗族自治州','520000',2),(48751,'522600','黔东南苗族侗族自治州','520000',2),(48752,'522700','黔南布依族苗族自治州','520000',2),(48753,'530100','昆明市','530000',2),(48754,'530300','曲靖市','530000',2),(48755,'530400','玉溪市','530000',2),(48756,'530500','保山市','530000',2),(48757,'530600','昭通市','530000',2),(48758,'530700','丽江市','530000',2),(48759,'530800','普洱市','530000',2),(48760,'530900','临沧市','530000',2),(48761,'532300','楚雄彝族自治州','530000',2),(48762,'532500','红河哈尼族彝族自治州','530000',2),(48763,'532600','文山壮族苗族自治州','530000',2),(48764,'532800','西双版纳傣族自治州','530000',2),(48765,'532900','大理白族自治州','530000',2),(48766,'533100','德宏傣族景颇族自治州','530000',2),(48767,'533300','怒江傈僳族自治州','530000',2),(48768,'533400','迪庆藏族自治州','530000',2),(48769,'540100','拉萨市','540000',2),(48770,'540200','日喀则市','540000',2),(48771,'540300','昌都市','540000',2),(48772,'540400','林芝市','540000',2),(48773,'540500','山南市','540000',2),(48774,'542400','那曲地区','540000',2),(48775,'542500','阿里地区','540000',2),(48776,'610100','西安市','610000',2),(48777,'610200','铜川市','610000',2),(48778,'610300','宝鸡市','610000',2),(48779,'610400','咸阳市','610000',2),(48780,'610500','渭南市','610000',2),(48781,'610600','延安市','610000',2),(48782,'610700','汉中市','610000',2),(48783,'610800','榆林市','610000',2),(48784,'610900','安康市','610000',2),(48785,'611000','商洛市','610000',2),(48786,'620100','兰州市','620000',2),(48787,'620200','嘉峪关市','620000',2),(48788,'620300','金昌市','620000',2),(48789,'620400','白银市','620000',2),(48790,'620500','天水市','620000',2),(48791,'620600','武威市','620000',2),(48792,'620700','张掖市','620000',2),(48793,'620800','平凉市','620000',2),(48794,'620900','酒泉市','620000',2),(48795,'621000','庆阳市','620000',2),(48796,'621100','定西市','620000',2),(48797,'621200','陇南市','620000',2),(48798,'622900','临夏回族自治州','620000',2),(48799,'623000','甘南藏族自治州','620000',2),(48800,'630100','西宁市','630000',2),(48801,'630200','海东市','630000',2),(48802,'632200','海北藏族自治州','630000',2),(48803,'632300','黄南藏族自治州','630000',2),(48804,'632500','海南藏族自治州','630000',2),(48805,'632600','果洛藏族自治州','630000',2),(48806,'632700','玉树藏族自治州','630000',2),(48807,'632800','海西蒙古族藏族自治州','630000',2),(48808,'640100','银川市','640000',2),(48809,'640200','石嘴山市','640000',2),(48810,'640300','吴忠市','640000',2),(48811,'640400','固原市','640000',2),(48812,'640500','中卫市','640000',2),(48813,'650100','乌鲁木齐市','650000',2),(48814,'650200','克拉玛依市','650000',2),(48815,'650400','吐鲁番市','650000',2),(48816,'650500','哈密市','650000',2),(48817,'652300','昌吉回族自治州','650000',2),(48818,'652700','博尔塔拉蒙古自治州','650000',2),(48819,'652800','巴音郭楞蒙古自治州','650000',2),(48820,'652900','阿克苏地区','650000',2),(48821,'653000','克孜勒苏柯尔克孜自治州','650000',2),(48822,'653100','喀什地区','650000',2),(48823,'653200','和田地区','650000',2),(48824,'654000','伊犁哈萨克自治州','650000',2),(48825,'654200','塔城地区','650000',2),(48826,'654300','阿勒泰地区','650000',2),(48827,'659001','石河子市','650000',2),(48828,'659002','阿拉尔市','650000',2),(48829,'659003','图木舒克市','650000',2),(48830,'659004','五家渠市','650000',2),(48831,'659005','北屯市','650000',2),(48832,'659006','铁门关市','650000',2),(48833,'659007','双河市','650000',2),(48834,'659008','可克达拉市','650000',2),(48835,'659009','昆玉市','650000',2),(48836,'710100','台北市','710000',2),(48837,'710200','高雄市','710000',2),(48838,'710300','台南市','710000',2),(48839,'710400','台中市','710000',2),(48840,'710600','南投县','710000',2),(48841,'710700','基隆市','710000',2),(48842,'710800','新竹市','710000',2),(48843,'710900','嘉义市','710000',2),(48844,'711100','新北市','710000',2),(48845,'711200','宜兰县','710000',2),(48846,'711300','新竹县','710000',2),(48847,'711400','桃园市','710000',2),(48848,'711500','苗栗县','710000',2),(48849,'711700','彰化县','710000',2),(48850,'711900','嘉义县','710000',2),(48851,'712100','云林县','710000',2),(48852,'712400','屏东县','710000',2),(48853,'712500','台东县','710000',2),(48854,'712600','花莲县','710000',2),(48855,'712700','澎湖县','710000',2),(48856,'810101','中西区','810000',2),(48857,'810102','东区','810000',2),(48858,'810103','九龙城区','810000',2),(48859,'810104','观塘区','810000',2),(48860,'810105','南区','810000',2),(48861,'810106','深水埗区','810000',2),(48862,'810107','湾仔区','810000',2),(48863,'810108','黄大仙区','810000',2),(48864,'810109','油尖旺区','810000',2),(48865,'810110','离岛区','810000',2),(48866,'810111','葵青区','810000',2),(48867,'810112','北区','810000',2),(48868,'810113','西贡区','810000',2),(48869,'810114','沙田区','810000',2),(48870,'810115','屯门区','810000',2),(48871,'810116','大埔区','810000',2),(48872,'810117','荃湾区','810000',2),(48873,'810118','元朗区','810000',2),(48874,'820101','澳门半岛','820000',2),(48875,'820102','氹仔','820000',2),(48876,'820103','路氹城','820000',2),(48877,'820104','路环','820000',2),(48878,'210102','和平区','210100',3),(48879,'210103','沈河区','210100',3),(48880,'210104','大东区','210100',3),(48881,'210105','皇姑区','210100',3),(48882,'210106','铁西区','210100',3),(48883,'210111','苏家屯区','210100',3),(48884,'210112','浑南区','210100',3),(48885,'210113','沈北新区','210100',3),(48886,'210114','于洪区','210100',3),(48887,'210115','辽中区','210100',3),(48888,'210123','康平县','210100',3),(48889,'210124','法库县','210100',3),(48890,'210181','新民市','210100',3),(48891,'210202','中山区','210200',3),(48892,'210203','西岗区','210200',3),(48893,'210204','沙河口区','210200',3),(48894,'210211','甘井子区','210200',3),(48895,'210212','旅顺口区','210200',3),(48896,'210213','金州区','210200',3),(48897,'210214','普兰店区','210200',3),(48898,'210224','长海县','210200',3),(48899,'210281','瓦房店市','210200',3),(48900,'210283','庄河市','210200',3),(48901,'210302','铁东区','210300',3),(48902,'210303','铁西区','210300',3),(48903,'210304','立山区','210300',3),(48904,'210311','千山区','210300',3),(48905,'210321','台安县','210300',3),(48906,'210323','岫岩满族自治县','210300',3),(48907,'210381','海城市','210300',3),(48908,'210402','新抚区','210400',3),(48909,'210403','东洲区','210400',3),(48910,'210404','望花区','210400',3),(48911,'210411','顺城区','210400',3),(48912,'210421','抚顺县','210400',3),(48913,'210422','新宾满族自治县','210400',3),(48914,'210423','清原满族自治县','210400',3),(48915,'210502','平山区','210500',3),(48916,'210503','溪湖区','210500',3),(48917,'210504','明山区','210500',3),(48918,'210505','南芬区','210500',3),(48919,'210521','本溪满族自治县','210500',3),(48920,'210522','桓仁满族自治县','210500',3),(48921,'210602','元宝区','210600',3),(48922,'210603','振兴区','210600',3),(48923,'210604','振安区','210600',3),(48924,'210624','宽甸满族自治县','210600',3),(48925,'210681','东港市','210600',3),(48926,'210682','凤城市','210600',3),(48927,'210702','古塔区','210700',3),(48928,'210703','凌河区','210700',3),(48929,'210711','太和区','210700',3),(48930,'210726','黑山县','210700',3),(48931,'210727','义县','210700',3),(48932,'210781','凌海市','210700',3),(48933,'210782','北镇市','210700',3),(48934,'210802','站前区','210800',3),(48935,'210803','西市区','210800',3),(48936,'210804','鲅鱼圈区','210800',3),(48937,'210811','老边区','210800',3),(48938,'210881','盖州市','210800',3),(48939,'210882','大石桥市','210800',3),(48940,'210902','海州区','210900',3),(48941,'210903','新邱区','210900',3),(48942,'210904','太平区','210900',3),(48943,'210905','清河门区','210900',3),(48944,'210911','细河区','210900',3),(48945,'210921','阜新蒙古族自治县','210900',3),(48946,'210922','彰武县','210900',3),(48947,'211002','白塔区','211000',3),(48948,'211003','文圣区','211000',3),(48949,'211004','宏伟区','211000',3),(48950,'211005','弓长岭区','211000',3),(48951,'211011','太子河区','211000',3),(48952,'211021','辽阳县','211000',3),(48953,'211081','灯塔市','211000',3),(48954,'211102','双台子区','211100',3),(48955,'211103','兴隆台区','211100',3),(48956,'211104','大洼区','211100',3),(48957,'211122','盘山县','211100',3),(48958,'211202','银州区','211200',3),(48959,'211204','清河区','211200',3),(48960,'211221','铁岭县','211200',3),(48961,'211223','西丰县','211200',3),(48962,'211224','昌图县','211200',3),(48963,'211281','调兵山市','211200',3),(48964,'211282','开原市','211200',3),(48965,'211302','双塔区','211300',3),(48966,'211303','龙城区','211300',3),(48967,'211321','朝阳县','211300',3),(48968,'211322','建平县','211300',3),(48969,'211324','喀喇沁左翼蒙古族自治县','211300',3),(48970,'211381','北票市','211300',3),(48971,'211382','凌源市','211300',3),(48972,'211402','连山区','211400',3),(48973,'211403','龙港区','211400',3),(48974,'211404','南票区','211400',3),(48975,'211421','绥中县','211400',3),(48976,'211422','建昌县','211400',3),(48977,'211481','兴城市','211400',3),(49598,'130102','长安区','130100',3),(49599,'130104','桥西区','130100',3),(49600,'130105','新华区','130100',3),(49601,'130107','井陉矿区','130100',3),(49602,'130108','裕华区','130100',3),(49603,'130109','藁城区','130100',3),(49604,'130110','鹿泉区','130100',3),(49605,'130111','栾城区','130100',3),(49606,'130121','井陉县','130100',3),(49607,'130123','正定县','130100',3),(49608,'130125','行唐县','130100',3),(49609,'130126','灵寿县','130100',3),(49610,'130127','高邑县','130100',3),(49611,'130128','深泽县','130100',3),(49612,'130129','赞皇县','130100',3),(49613,'130130','无极县','130100',3),(49614,'130131','平山县','130100',3),(49615,'130132','元氏县','130100',3),(49616,'130133','赵县','130100',3),(49617,'130183','晋州市','130100',3),(49618,'130184','新乐市','130100',3),(49619,'130202','路南区','130200',3),(49620,'130203','路北区','130200',3),(49621,'130204','古冶区','130200',3),(49622,'130205','开平区','130200',3),(49623,'130207','丰南区','130200',3),(49624,'130208','丰润区','130200',3),(49625,'130209','曹妃甸区','130200',3),(49626,'130223','滦县','130200',3),(49627,'130224','滦南县','130200',3),(49628,'130225','乐亭县','130200',3),(49629,'130227','迁西县','130200',3),(49630,'130229','玉田县','130200',3),(49631,'130281','遵化市','130200',3),(49632,'130283','迁安市','130200',3),(49633,'130302','海港区','130300',3),(49634,'130303','山海关区','130300',3),(49635,'130304','北戴河区','130300',3),(49636,'130306','抚宁区','130300',3),(49637,'130321','青龙满族自治县','130300',3),(49638,'130322','昌黎县','130300',3),(49639,'130324','卢龙县','130300',3),(49640,'130402','邯山区','130400',3),(49641,'130403','丛台区','130400',3),(49642,'130404','复兴区','130400',3),(49643,'130406','峰峰矿区','130400',3),(49644,'130407','肥乡区','130400',3),(49645,'130408','永年区','130400',3),(49646,'130423','临漳县','130400',3),(49647,'130424','成安县','130400',3),(49648,'130425','大名县','130400',3),(49649,'130426','涉县','130400',3),(49650,'130427','磁县','130400',3),(49651,'130430','邱县','130400',3),(49652,'130431','鸡泽县','130400',3),(49653,'130432','广平县','130400',3),(49654,'130433','馆陶县','130400',3),(49655,'130434','魏县','130400',3),(49656,'130435','曲周县','130400',3),(49657,'130481','武安市','130400',3),(49658,'130502','桥东区','130500',3),(49659,'130503','桥西区','130500',3),(49660,'130521','邢台县','130500',3),(49661,'130522','临城县','130500',3),(49662,'130523','内丘县','130500',3),(49663,'130524','柏乡县','130500',3),(49664,'130525','隆尧县','130500',3),(49665,'130526','任县','130500',3),(49666,'130527','南和县','130500',3),(49667,'130528','宁晋县','130500',3),(49668,'130529','巨鹿县','130500',3),(49669,'130530','新河县','130500',3),(49670,'130531','广宗县','130500',3),(49671,'130532','平乡县','130500',3),(49672,'130533','威县','130500',3),(49673,'130534','清河县','130500',3),(49674,'130535','临西县','130500',3),(49675,'130581','南宫市','130500',3),(49676,'130582','沙河市','130500',3),(49677,'130602','竞秀区','130600',3),(49678,'130606','莲池区','130600',3),(49679,'130607','满城区','130600',3),(49680,'130608','清苑区','130600',3),(49681,'130609','徐水区','130600',3),(49682,'130623','涞水县','130600',3),(49683,'130624','阜平县','130600',3),(49684,'130626','定兴县','130600',3),(49685,'130627','唐县','130600',3),(49686,'130628','高阳县','130600',3),(49687,'130629','容城县','130600',3),(49688,'130630','涞源县','130600',3),(49689,'130631','望都县','130600',3),(49690,'130632','安新县','130600',3),(49691,'130633','易县','130600',3),(49692,'130634','曲阳县','130600',3),(49693,'130635','蠡县','130600',3),(49694,'130636','顺平县','130600',3),(49695,'130637','博野县','130600',3),(49696,'130638','雄县','130600',3),(49697,'130681','涿州市','130600',3),(49698,'130683','安国市','130600',3),(49699,'130684','高碑店市','130600',3),(49700,'130702','桥东区','130700',3),(49701,'130703','桥西区','130700',3),(49702,'130705','宣化区','130700',3),(49703,'130706','下花园区','130700',3),(49704,'130708','万全区','130700',3),(49705,'130709','崇礼区','130700',3),(49706,'130722','张北县','130700',3),(49707,'130723','康保县','130700',3),(49708,'130724','沽源县','130700',3),(49709,'130725','尚义县','130700',3),(49710,'130726','蔚县','130700',3),(49711,'130727','阳原县','130700',3),(49712,'130728','怀安县','130700',3),(49713,'130730','怀来县','130700',3),(49714,'130731','涿鹿县','130700',3),(49715,'130732','赤城县','130700',3),(49716,'130802','双桥区','130800',3),(49717,'130803','双滦区','130800',3),(49718,'130804','鹰手营子矿区','130800',3),(49719,'130821','承德县','130800',3),(49720,'130822','兴隆县','130800',3),(49721,'130824','滦平县','130800',3),(49722,'130825','隆化县','130800',3),(49723,'130826','丰宁满族自治县','130800',3),(49724,'130827','宽城满族自治县','130800',3),(49725,'130828','围场满族蒙古族自治县','130800',3),(49726,'130881','平泉市','130800',3),(49727,'130902','新华区','130900',3),(49728,'130903','运河区','130900',3),(49729,'130921','沧县','130900',3),(49730,'130922','青县','130900',3),(49731,'130923','东光县','130900',3),(49732,'130924','海兴县','130900',3),(49733,'130925','盐山县','130900',3),(49734,'130926','肃宁县','130900',3),(49735,'130927','南皮县','130900',3),(49736,'130928','吴桥县','130900',3),(49737,'130929','献县','130900',3),(49738,'130930','孟村回族自治县','130900',3),(49739,'130981','泊头市','130900',3),(49740,'130982','任丘市','130900',3),(49741,'130983','黄骅市','130900',3),(49742,'130984','河间市','130900',3),(49743,'131002','安次区','131000',3),(49744,'131003','广阳区','131000',3),(49745,'131022','固安县','131000',3),(49746,'131023','永清县','131000',3),(49747,'131024','香河县','131000',3),(49748,'131025','大城县','131000',3),(49749,'131026','文安县','131000',3),(49750,'131028','大厂回族自治县','131000',3),(49751,'131081','霸州市','131000',3),(49752,'131082','三河市','131000',3),(49753,'131102','桃城区','131100',3),(49754,'131103','冀州区','131100',3),(49755,'131121','枣强县','131100',3),(49756,'131122','武邑县','131100',3),(49757,'131123','武强县','131100',3),(49758,'131124','饶阳县','131100',3),(49759,'131125','安平县','131100',3),(49760,'131126','故城县','131100',3),(49761,'131127','景县','131100',3),(49762,'131128','阜城县','131100',3),(49763,'131182','深州市','131100',3),(49764,'139001001','南城区街道','139001',3),(49765,'139001002','北城区街道','139001',3),(49766,'139001003','西城区街道','139001',3),(49767,'139001100','留早镇','139001',3),(49768,'139001101','清风店镇','139001',3),(49769,'139001102','庞村镇','139001',3),(49770,'139001103','砖路镇','139001',3),(49771,'139001104','明月店镇','139001',3),(49772,'139001105','叮咛店镇','139001',3),(49773,'139001106','东亭镇','139001',3),(49774,'139001107','大辛庄镇','139001',3),(49775,'139001108','东旺镇','139001',3),(49776,'139001109','高蓬镇','139001',3),(49777,'139001110','邢邑镇','139001',3),(49778,'139001111','李亲顾镇','139001',3),(49779,'139001112','子位镇','139001',3),(49780,'139001113','开元镇','139001',3),(49781,'139001114','赵村镇','139001',3),(49782,'139001115','周村镇','139001',3),(49783,'139001116','息冢镇','139001',3),(49784,'139001203','东留春乡','139001',3),(49785,'139001204','号头庄乡','139001',3),(49786,'139001205','杨家庄乡','139001',3),(49787,'139001206','大鹿庄乡','139001',3),(49788,'139001208','西城乡','139001',3),(49789,'139002100','辛集镇','139002',3),(49790,'139002101','旧城镇','139002',3),(49791,'139002102','张古庄镇','139002',3),(49792,'139002103','位伯镇','139002',3),(49793,'139002104','新垒头镇','139002',3),(49794,'139002105','新城镇','139002',3),(49795,'139002106','南智邱镇','139002',3),(49796,'139002107','王口镇','139002',3),(49797,'139002200','天宫营乡','139002',3),(49798,'139002201','前营乡','139002',3),(49799,'139002202','马庄乡','139002',3),(49800,'139002203','和睦井乡','139002',3),(49801,'139002204','田家庄乡','139002',3),(49802,'139002205','中里厢乡','139002',3),(49803,'139002206','小辛庄乡','139002',3),(49804,'139002500','辛集经济开发区','139002',3),(49805,'140105','小店区','140100',3),(49806,'140106','迎泽区','140100',3),(49807,'140107','杏花岭区','140100',3),(49808,'140108','尖草坪区','140100',3),(49809,'140109','万柏林区','140100',3),(49810,'140110','晋源区','140100',3),(49811,'140121','清徐县','140100',3),(49812,'140122','阳曲县','140100',3),(49813,'140123','娄烦县','140100',3),(49814,'140181','古交市','140100',3),(49815,'140202','城区','140200',3),(49816,'140203','矿区','140200',3),(49817,'140211','南郊区','140200',3),(49818,'140212','新荣区','140200',3),(49819,'140221','阳高县','140200',3),(49820,'140222','天镇县','140200',3),(49821,'140223','广灵县','140200',3),(49822,'140224','灵丘县','140200',3),(49823,'140225','浑源县','140200',3),(49824,'140226','左云县','140200',3),(49825,'140227','大同县','140200',3),(49826,'140302','城区','140300',3),(49827,'140303','矿区','140300',3),(49828,'140311','郊区','140300',3),(49829,'140321','平定县','140300',3),(49830,'140322','盂县','140300',3),(49831,'140402','城区','140400',3),(49832,'140411','郊区','140400',3),(49833,'140421','长治县','140400',3),(49834,'140423','襄垣县','140400',3),(49835,'140424','屯留县','140400',3),(49836,'140425','平顺县','140400',3),(49837,'140426','黎城县','140400',3),(49838,'140427','壶关县','140400',3),(49839,'140428','长子县','140400',3),(49840,'140429','武乡县','140400',3),(49841,'140430','沁县','140400',3),(49842,'140431','沁源县','140400',3),(49843,'140481','潞城市','140400',3),(49844,'140502','城区','140500',3),(49845,'140521','沁水县','140500',3),(49846,'140522','阳城县','140500',3),(49847,'140524','陵川县','140500',3),(49848,'140525','泽州县','140500',3),(49849,'140581','高平市','140500',3),(49850,'140602','朔城区','140600',3),(49851,'140603','平鲁区','140600',3),(49852,'140621','山阴县','140600',3),(49853,'140622','应县','140600',3),(49854,'140623','右玉县','140600',3),(49855,'140624','怀仁县','140600',3),(49856,'140702','榆次区','140700',3),(49857,'140721','榆社县','140700',3),(49858,'140722','左权县','140700',3),(49859,'140723','和顺县','140700',3),(49860,'140724','昔阳县','140700',3),(49861,'140725','寿阳县','140700',3),(49862,'140726','太谷县','140700',3),(49863,'140727','祁县','140700',3),(49864,'140728','平遥县','140700',3),(49865,'140729','灵石县','140700',3),(49866,'140781','介休市','140700',3),(49867,'140802','盐湖区','140800',3),(49868,'140821','临猗县','140800',3),(49869,'140822','万荣县','140800',3),(49870,'140823','闻喜县','140800',3),(49871,'140824','稷山县','140800',3),(49872,'140825','新绛县','140800',3),(49873,'140826','绛县','140800',3),(49874,'140827','垣曲县','140800',3),(49875,'140828','夏县','140800',3),(49876,'140829','平陆县','140800',3),(49877,'140830','芮城县','140800',3),(49878,'140881','永济市','140800',3),(49879,'140882','河津市','140800',3),(49880,'140902','忻府区','140900',3),(49881,'140921','定襄县','140900',3),(49882,'140922','五台县','140900',3),(49883,'140923','代县','140900',3),(49884,'140924','繁峙县','140900',3),(49885,'140925','宁武县','140900',3),(49886,'140926','静乐县','140900',3),(49887,'140927','神池县','140900',3),(49888,'140928','五寨县','140900',3),(49889,'140929','岢岚县','140900',3),(49890,'140930','河曲县','140900',3),(49891,'140931','保德县','140900',3),(49892,'140932','偏关县','140900',3),(49893,'140981','原平市','140900',3),(49894,'141002','尧都区','141000',3),(49895,'141021','曲沃县','141000',3),(49896,'141022','翼城县','141000',3),(49897,'141023','襄汾县','141000',3),(49898,'141024','洪洞县','141000',3),(49899,'141025','古县','141000',3),(49900,'141026','安泽县','141000',3),(49901,'141027','浮山县','141000',3),(49902,'141028','吉县','141000',3),(49903,'141029','乡宁县','141000',3),(49904,'141030','大宁县','141000',3),(49905,'141031','隰县','141000',3),(49906,'141032','永和县','141000',3),(49907,'141033','蒲县','141000',3),(49908,'141034','汾西县','141000',3),(49909,'141081','侯马市','141000',3),(49910,'141082','霍州市','141000',3),(49911,'141102','离石区','141100',3),(49912,'141121','文水县','141100',3),(49913,'141122','交城县','141100',3),(49914,'141123','兴县','141100',3),(49915,'141124','临县','141100',3),(49916,'141125','柳林县','141100',3),(49917,'141126','石楼县','141100',3),(49918,'141127','岚县','141100',3),(49919,'141128','方山县','141100',3),(49920,'141129','中阳县','141100',3),(49921,'141130','交口县','141100',3),(49922,'141181','孝义市','141100',3),(49923,'141182','汾阳市','141100',3),(49924,'150102','新城区','150100',3),(49925,'150103','回民区','150100',3),(49926,'150104','玉泉区','150100',3),(49927,'150105','赛罕区','150100',3),(49928,'150121','土默特左旗','150100',3),(49929,'150122','托克托县','150100',3),(49930,'150123','和林格尔县','150100',3),(49931,'150124','清水河县','150100',3),(49932,'150125','武川县','150100',3),(49933,'150202','东河区','150200',3),(49934,'150203','昆都仑区','150200',3),(49935,'150204','青山区','150200',3),(49936,'150205','石拐区','150200',3),(49937,'150206','白云鄂博矿区','150200',3),(49938,'150207','九原区','150200',3),(49939,'150221','土默特右旗','150200',3),(49940,'150222','固阳县','150200',3),(49941,'150223','达尔罕茂明安联合旗','150200',3),(49942,'150302','海勃湾区','150300',3),(49943,'150303','海南区','150300',3),(49944,'150304','乌达区','150300',3),(49945,'150402','红山区','150400',3),(49946,'150403','元宝山区','150400',3),(49947,'150404','松山区','150400',3),(49948,'150421','阿鲁科尔沁旗','150400',3),(49949,'150422','巴林左旗','150400',3),(49950,'150423','巴林右旗','150400',3),(49951,'150424','林西县','150400',3),(49952,'150425','克什克腾旗','150400',3),(49953,'150426','翁牛特旗','150400',3),(49954,'150428','喀喇沁旗','150400',3),(49955,'150429','宁城县','150400',3),(49956,'150430','敖汉旗','150400',3),(49957,'150502','科尔沁区','150500',3),(49958,'150521','科尔沁左翼中旗','150500',3),(49959,'150522','科尔沁左翼后旗','150500',3),(49960,'150523','开鲁县','150500',3),(49961,'150524','库伦旗','150500',3),(49962,'150525','奈曼旗','150500',3),(49963,'150526','扎鲁特旗','150500',3),(49964,'150581','霍林郭勒市','150500',3),(49965,'150602','东胜区','150600',3),(49966,'150603','康巴什区','150600',3),(49967,'150621','达拉特旗','150600',3),(49968,'150622','准格尔旗','150600',3),(49969,'150623','鄂托克前旗','150600',3),(49970,'150624','鄂托克旗','150600',3),(49971,'150625','杭锦旗','150600',3),(49972,'150626','乌审旗','150600',3),(49973,'150627','伊金霍洛旗','150600',3),(49974,'150702','海拉尔区','150700',3),(49975,'150703','扎赉诺尔区','150700',3),(49976,'150721','阿荣旗','150700',3),(49977,'150722','莫力达瓦达斡尔族自治旗','150700',3),(49978,'150723','鄂伦春自治旗','150700',3),(49979,'150724','鄂温克族自治旗','150700',3),(49980,'150725','陈巴尔虎旗','150700',3),(49981,'150726','新巴尔虎左旗','150700',3),(49982,'150727','新巴尔虎右旗','150700',3),(49983,'150781','满洲里市','150700',3),(49984,'150782','牙克石市','150700',3),(49985,'150783','扎兰屯市','150700',3),(49986,'150784','额尔古纳市','150700',3),(49987,'150785','根河市','150700',3),(49988,'150802','临河区','150800',3),(49989,'150821','五原县','150800',3),(49990,'150822','磴口县','150800',3),(49991,'150823','乌拉特前旗','150800',3),(49992,'150824','乌拉特中旗','150800',3),(49993,'150825','乌拉特后旗','150800',3),(49994,'150826','杭锦后旗','150800',3),(49995,'150902','集宁区','150900',3),(49996,'150921','卓资县','150900',3),(49997,'150922','化德县','150900',3),(49998,'150923','商都县','150900',3),(49999,'150924','兴和县','150900',3),(50000,'150925','凉城县','150900',3),(50001,'150926','察哈尔右翼前旗','150900',3),(50002,'150927','察哈尔右翼中旗','150900',3),(50003,'150928','察哈尔右翼后旗','150900',3),(50004,'150929','四子王旗','150900',3),(50005,'150981','丰镇市','150900',3),(50006,'152201','乌兰浩特市','152200',3),(50007,'152202','阿尔山市','152200',3),(50008,'152221','科尔沁右翼前旗','152200',3),(50009,'152222','科尔沁右翼中旗','152200',3),(50010,'152223','扎赉特旗','152200',3),(50011,'152224','突泉县','152200',3),(50012,'152501','二连浩特市','152500',3),(50013,'152502','锡林浩特市','152500',3),(50014,'152522','阿巴嘎旗','152500',3),(50015,'152523','苏尼特左旗','152500',3),(50016,'152524','苏尼特右旗','152500',3),(50017,'152525','东乌珠穆沁旗','152500',3),(50018,'152526','西乌珠穆沁旗','152500',3),(50019,'152527','太仆寺旗','152500',3),(50020,'152528','镶黄旗','152500',3),(50021,'152529','正镶白旗','152500',3),(50022,'152530','正蓝旗','152500',3),(50023,'152531','多伦县','152500',3),(50024,'152921','阿拉善左旗','152900',3),(50025,'152922','阿拉善右旗','152900',3),(50026,'152923','额济纳旗','152900',3),(50027,'210102','和平区','210100',3),(50028,'210103','沈河区','210100',3),(50029,'210104','大东区','210100',3),(50030,'210105','皇姑区','210100',3),(50031,'210106','铁西区','210100',3),(50032,'210111','苏家屯区','210100',3),(50033,'210112','浑南区','210100',3),(50034,'210113','沈北新区','210100',3),(50035,'210114','于洪区','210100',3),(50036,'210115','辽中区','210100',3),(50037,'210123','康平县','210100',3),(50038,'210124','法库县','210100',3),(50039,'210181','新民市','210100',3),(50040,'210202','中山区','210200',3),(50041,'210203','西岗区','210200',3),(50042,'210204','沙河口区','210200',3),(50043,'210211','甘井子区','210200',3),(50044,'210212','旅顺口区','210200',3),(50045,'210213','金州区','210200',3),(50046,'210214','普兰店区','210200',3),(50047,'210224','长海县','210200',3),(50048,'210281','瓦房店市','210200',3),(50049,'210283','庄河市','210200',3),(50050,'210302','铁东区','210300',3),(50051,'210303','铁西区','210300',3),(50052,'210304','立山区','210300',3),(50053,'210311','千山区','210300',3),(50054,'210321','台安县','210300',3),(50055,'210323','岫岩满族自治县','210300',3),(50056,'210381','海城市','210300',3),(50057,'210402','新抚区','210400',3),(50058,'210403','东洲区','210400',3),(50059,'210404','望花区','210400',3),(50060,'210411','顺城区','210400',3),(50061,'210421','抚顺县','210400',3),(50062,'210422','新宾满族自治县','210400',3),(50063,'210423','清原满族自治县','210400',3),(50064,'210502','平山区','210500',3),(50065,'210503','溪湖区','210500',3),(50066,'210504','明山区','210500',3),(50067,'210505','南芬区','210500',3),(50068,'210521','本溪满族自治县','210500',3),(50069,'210522','桓仁满族自治县','210500',3),(50070,'210602','元宝区','210600',3),(50071,'210603','振兴区','210600',3),(50072,'210604','振安区','210600',3),(50073,'210624','宽甸满族自治县','210600',3),(50074,'210681','东港市','210600',3),(50075,'210682','凤城市','210600',3),(50076,'210702','古塔区','210700',3),(50077,'210703','凌河区','210700',3),(50078,'210711','太和区','210700',3),(50079,'210726','黑山县','210700',3),(50080,'210727','义县','210700',3),(50081,'210781','凌海市','210700',3),(50082,'210782','北镇市','210700',3),(50083,'210802','站前区','210800',3),(50084,'210803','西市区','210800',3),(50085,'210804','鲅鱼圈区','210800',3),(50086,'210811','老边区','210800',3),(50087,'210881','盖州市','210800',3),(50088,'210882','大石桥市','210800',3),(50089,'210902','海州区','210900',3),(50090,'210903','新邱区','210900',3),(50091,'210904','太平区','210900',3),(50092,'210905','清河门区','210900',3),(50093,'210911','细河区','210900',3),(50094,'210921','阜新蒙古族自治县','210900',3),(50095,'210922','彰武县','210900',3),(50096,'211002','白塔区','211000',3),(50097,'211003','文圣区','211000',3),(50098,'211004','宏伟区','211000',3),(50099,'211005','弓长岭区','211000',3),(50100,'211011','太子河区','211000',3),(50101,'211021','辽阳县','211000',3),(50102,'211081','灯塔市','211000',3),(50103,'211102','双台子区','211100',3),(50104,'211103','兴隆台区','211100',3),(50105,'211104','大洼区','211100',3),(50106,'211122','盘山县','211100',3),(50107,'211202','银州区','211200',3),(50108,'211204','清河区','211200',3),(50109,'211221','铁岭县','211200',3),(50110,'211223','西丰县','211200',3),(50111,'211224','昌图县','211200',3),(50112,'211281','调兵山市','211200',3),(50113,'211282','开原市','211200',3),(50114,'211302','双塔区','211300',3),(50115,'211303','龙城区','211300',3),(50116,'211321','朝阳县','211300',3),(50117,'211322','建平县','211300',3),(50118,'211324','喀喇沁左翼蒙古族自治县','211300',3),(50119,'211381','北票市','211300',3),(50120,'211382','凌源市','211300',3),(50121,'211402','连山区','211400',3),(50122,'211403','龙港区','211400',3),(50123,'211404','南票区','211400',3),(50124,'211421','绥中县','211400',3),(50125,'211422','建昌县','211400',3),(50126,'211481','兴城市','211400',3),(50127,'220102','南关区','220100',3),(50128,'220103','宽城区','220100',3),(50129,'220104','朝阳区','220100',3),(50130,'220105','二道区','220100',3),(50131,'220106','绿园区','220100',3),(50132,'220112','双阳区','220100',3),(50133,'220113','九台区','220100',3),(50134,'220122','农安县','220100',3),(50135,'220182','榆树市','220100',3),(50136,'220183','德惠市','220100',3),(50137,'220202','昌邑区','220200',3),(50138,'220203','龙潭区','220200',3),(50139,'220204','船营区','220200',3),(50140,'220211','丰满区','220200',3),(50141,'220221','永吉县','220200',3),(50142,'220281','蛟河市','220200',3),(50143,'220282','桦甸市','220200',3),(50144,'220283','舒兰市','220200',3),(50145,'220284','磐石市','220200',3),(50146,'220302','铁西区','220300',3),(50147,'220303','铁东区','220300',3),(50148,'220322','梨树县','220300',3),(50149,'220323','伊通满族自治县','220300',3),(50150,'220381','公主岭市','220300',3),(50151,'220382','双辽市','220300',3),(50152,'220402','龙山区','220400',3),(50153,'220403','西安区','220400',3),(50154,'220421','东丰县','220400',3),(50155,'220422','东辽县','220400',3),(50156,'220502','东昌区','220500',3),(50157,'220503','二道江区','220500',3),(50158,'220521','通化县','220500',3),(50159,'220523','辉南县','220500',3),(50160,'220524','柳河县','220500',3),(50161,'220581','梅河口市','220500',3),(50162,'220582','集安市','220500',3),(50163,'220602','浑江区','220600',3),(50164,'220605','江源区','220600',3),(50165,'220621','抚松县','220600',3),(50166,'220622','靖宇县','220600',3),(50167,'220623','长白朝鲜族自治县','220600',3),(50168,'220681','临江市','220600',3),(50169,'220702','宁江区','220700',3),(50170,'220721','前郭尔罗斯蒙古族自治县','220700',3),(50171,'220722','长岭县','220700',3),(50172,'220723','乾安县','220700',3),(50173,'220781','扶余市','220700',3),(50174,'220802','洮北区','220800',3),(50175,'220821','镇赉县','220800',3),(50176,'220822','通榆县','220800',3),(50177,'220881','洮南市','220800',3),(50178,'220882','大安市','220800',3),(50179,'222401','延吉市','222400',3),(50180,'222402','图们市','222400',3),(50181,'222403','敦化市','222400',3),(50182,'222404','珲春市','222400',3),(50183,'222405','龙井市','222400',3),(50184,'222406','和龙市','222400',3),(50185,'222424','汪清县','222400',3),(50186,'222426','安图县','222400',3),(50187,'230102','道里区','230100',3),(50188,'230103','南岗区','230100',3),(50189,'230104','道外区','230100',3),(50190,'230108','平房区','230100',3),(50191,'230109','松北区','230100',3),(50192,'230110','香坊区','230100',3),(50193,'230111','呼兰区','230100',3),(50194,'230112','阿城区','230100',3),(50195,'230113','双城区','230100',3),(50196,'230123','依兰县','230100',3),(50197,'230124','方正县','230100',3),(50198,'230125','宾县','230100',3),(50199,'230126','巴彦县','230100',3),(50200,'230127','木兰县','230100',3),(50201,'230128','通河县','230100',3),(50202,'230129','延寿县','230100',3),(50203,'230183','尚志市','230100',3),(50204,'230184','五常市','230100',3),(50205,'230202','龙沙区','230200',3),(50206,'230203','建华区','230200',3),(50207,'230204','铁锋区','230200',3),(50208,'230205','昂昂溪区','230200',3),(50209,'230206','富拉尔基区','230200',3),(50210,'230207','碾子山区','230200',3),(50211,'230208','梅里斯达斡尔族区','230200',3),(50212,'230221','龙江县','230200',3),(50213,'230223','依安县','230200',3),(50214,'230224','泰来县','230200',3),(50215,'230225','甘南县','230200',3),(50216,'230227','富裕县','230200',3),(50217,'230229','克山县','230200',3),(50218,'230230','克东县','230200',3),(50219,'230231','拜泉县','230200',3),(50220,'230281','讷河市','230200',3),(50221,'230302','鸡冠区','230300',3),(50222,'230303','恒山区','230300',3),(50223,'230304','滴道区','230300',3),(50224,'230305','梨树区','230300',3),(50225,'230306','城子河区','230300',3),(50226,'230307','麻山区','230300',3),(50227,'230321','鸡东县','230300',3),(50228,'230381','虎林市','230300',3),(50229,'230382','密山市','230300',3),(50230,'230402','向阳区','230400',3),(50231,'230403','工农区','230400',3),(50232,'230404','南山区','230400',3),(50233,'230405','兴安区','230400',3),(50234,'230406','东山区','230400',3),(50235,'230407','兴山区','230400',3),(50236,'230421','萝北县','230400',3),(50237,'230422','绥滨县','230400',3),(50238,'230502','尖山区','230500',3),(50239,'230503','岭东区','230500',3),(50240,'230505','四方台区','230500',3),(50241,'230506','宝山区','230500',3),(50242,'230521','集贤县','230500',3),(50243,'230522','友谊县','230500',3),(50244,'230523','宝清县','230500',3),(50245,'230524','饶河县','230500',3),(50246,'230602','萨尔图区','230600',3),(50247,'230603','龙凤区','230600',3),(50248,'230604','让胡路区','230600',3),(50249,'230605','红岗区','230600',3),(50250,'230606','大同区','230600',3),(50251,'230621','肇州县','230600',3),(50252,'230622','肇源县','230600',3),(50253,'230623','林甸县','230600',3),(50254,'230624','杜尔伯特蒙古族自治县','230600',3),(50255,'230702','伊春区','230700',3),(50256,'230703','南岔区','230700',3),(50257,'230704','友好区','230700',3),(50258,'230705','西林区','230700',3),(50259,'230706','翠峦区','230700',3),(50260,'230707','新青区','230700',3),(50261,'230708','美溪区','230700',3),(50262,'230709','金山屯区','230700',3),(50263,'230710','五营区','230700',3),(50264,'230711','乌马河区','230700',3),(50265,'230712','汤旺河区','230700',3),(50266,'230713','带岭区','230700',3),(50267,'230714','乌伊岭区','230700',3),(50268,'230715','红星区','230700',3),(50269,'230716','上甘岭区','230700',3),(50270,'230722','嘉荫县','230700',3),(50271,'230781','铁力市','230700',3),(50272,'230803','向阳区','230800',3),(50273,'230804','前进区','230800',3),(50274,'230805','东风区','230800',3),(50275,'230811','郊区','230800',3),(50276,'230822','桦南县','230800',3),(50277,'230826','桦川县','230800',3),(50278,'230828','汤原县','230800',3),(50279,'230881','同江市','230800',3),(50280,'230882','富锦市','230800',3),(50281,'230883','抚远市','230800',3),(50282,'230902','新兴区','230900',3),(50283,'230903','桃山区','230900',3),(50284,'230904','茄子河区','230900',3),(50285,'230921','勃利县','230900',3),(50286,'231002','东安区','231000',3),(50287,'231003','阳明区','231000',3),(50288,'231004','爱民区','231000',3),(50289,'231005','西安区','231000',3),(50290,'231025','林口县','231000',3),(50291,'231081','绥芬河市','231000',3),(50292,'231083','海林市','231000',3),(50293,'231084','宁安市','231000',3),(50294,'231085','穆棱市','231000',3),(50295,'231086','东宁市','231000',3),(50296,'231102','爱辉区','231100',3),(50297,'231121','嫩江县','231100',3),(50298,'231123','逊克县','231100',3),(50299,'231124','孙吴县','231100',3),(50300,'231181','北安市','231100',3),(50301,'231182','五大连池市','231100',3),(50302,'231202','北林区','231200',3),(50303,'231221','望奎县','231200',3),(50304,'231222','兰西县','231200',3),(50305,'231223','青冈县','231200',3),(50306,'231224','庆安县','231200',3),(50307,'231225','明水县','231200',3),(50308,'231226','绥棱县','231200',3),(50309,'231281','安达市','231200',3),(50310,'231282','肇东市','231200',3),(50311,'231283','海伦市','231200',3),(50312,'232701','加格达奇区','232700',3),(50313,'232721','呼玛县','232700',3),(50314,'232722','塔河县','232700',3),(50315,'232723','漠河县','232700',3),(50532,'320102','玄武区','320100',3),(50533,'320104','秦淮区','320100',3),(50534,'320105','建邺区','320100',3),(50535,'320106','鼓楼区','320100',3),(50536,'320111','浦口区','320100',3),(50537,'320113','栖霞区','320100',3),(50538,'320114','雨花台区','320100',3),(50539,'320115','江宁区','320100',3),(50540,'320116','六合区','320100',3),(50541,'320117','溧水区','320100',3),(50542,'320118','高淳区','320100',3),(50543,'320205','锡山区','320200',3),(50544,'320206','惠山区','320200',3),(50545,'320211','滨湖区','320200',3),(50546,'320213','梁溪区','320200',3),(50547,'320214','新吴区','320200',3),(50548,'320281','江阴市','320200',3),(50549,'320282','宜兴市','320200',3),(50550,'320302','鼓楼区','320300',3),(50551,'320303','云龙区','320300',3),(50552,'320305','贾汪区','320300',3),(50553,'320311','泉山区','320300',3),(50554,'320312','铜山区','320300',3),(50555,'320321','丰县','320300',3),(50556,'320322','沛县','320300',3),(50557,'320324','睢宁县','320300',3),(50558,'320381','新沂市','320300',3),(50559,'320382','邳州市','320300',3),(50560,'320402','天宁区','320400',3),(50561,'320404','钟楼区','320400',3),(50562,'320411','新北区','320400',3),(50563,'320412','武进区','320400',3),(50564,'320413','金坛区','320400',3),(50565,'320481','溧阳市','320400',3),(50566,'320505','虎丘区','320500',3),(50567,'320506','吴中区','320500',3),(50568,'320507','相城区','320500',3),(50569,'320508','姑苏区','320500',3),(50570,'320509','吴江区','320500',3),(50571,'320581','常熟市','320500',3),(50572,'320582','张家港市','320500',3),(50573,'320583','昆山市','320500',3),(50574,'320585','太仓市','320500',3),(50575,'320602','崇川区','320600',3),(50576,'320611','港闸区','320600',3),(50577,'320612','通州区','320600',3),(50578,'320621','海安县','320600',3),(50579,'320623','如东县','320600',3),(50580,'320681','启东市','320600',3),(50581,'320682','如皋市','320600',3),(50582,'320684','海门市','320600',3),(50583,'320703','连云区','320700',3),(50584,'320706','海州区','320700',3),(50585,'320707','赣榆区','320700',3),(50586,'320722','东海县','320700',3),(50587,'320723','灌云县','320700',3),(50588,'320724','灌南县','320700',3),(50589,'320803','淮安区','320800',3),(50590,'320804','淮阴区','320800',3),(50591,'320812','清江浦区','320800',3),(50592,'320813','洪泽区','320800',3),(50593,'320826','涟水县','320800',3),(50594,'320830','盱眙县','320800',3),(50595,'320831','金湖县','320800',3),(50596,'320902','亭湖区','320900',3),(50597,'320903','盐都区','320900',3),(50598,'320904','大丰区','320900',3),(50599,'320921','响水县','320900',3),(50600,'320922','滨海县','320900',3),(50601,'320923','阜宁县','320900',3),(50602,'320924','射阳县','320900',3),(50603,'320925','建湖县','320900',3),(50604,'320981','东台市','320900',3),(50605,'321002','广陵区','321000',3),(50606,'321003','邗江区','321000',3),(50607,'321012','江都区','321000',3),(50608,'321023','宝应县','321000',3),(50609,'321081','仪征市','321000',3),(50610,'321084','高邮市','321000',3),(50611,'321102','京口区','321100',3),(50612,'321111','润州区','321100',3),(50613,'321112','丹徒区','321100',3),(50614,'321181','丹阳市','321100',3),(50615,'321182','扬中市','321100',3),(50616,'321183','句容市','321100',3),(50617,'321202','海陵区','321200',3),(50618,'321203','高港区','321200',3),(50619,'321204','姜堰区','321200',3),(50620,'321281','兴化市','321200',3),(50621,'321282','靖江市','321200',3),(50622,'321283','泰兴市','321200',3),(50623,'321302','宿城区','321300',3),(50624,'321311','宿豫区','321300',3),(50625,'321322','沭阳县','321300',3),(50626,'321323','泗阳县','321300',3),(50627,'321324','泗洪县','321300',3),(50628,'330102','上城区','330100',3),(50629,'330103','下城区','330100',3),(50630,'330104','江干区','330100',3),(50631,'330105','拱墅区','330100',3),(50632,'330106','西湖区','330100',3),(50633,'330108','滨江区','330100',3),(50634,'330109','萧山区','330100',3),(50635,'330110','余杭区','330100',3),(50636,'330111','富阳区','330100',3),(50637,'330122','桐庐县','330100',3),(50638,'330127','淳安县','330100',3),(50639,'330182','建德市','330100',3),(50640,'330185','临安市','330100',3),(50641,'330203','海曙区','330200',3),(50642,'330205','江北区','330200',3),(50643,'330206','北仑区','330200',3),(50644,'330211','镇海区','330200',3),(50645,'330212','鄞州区','330200',3),(50646,'330213','奉化区','330200',3),(50647,'330225','象山县','330200',3),(50648,'330226','宁海县','330200',3),(50649,'330281','余姚市','330200',3),(50650,'330282','慈溪市','330200',3),(50651,'330302','鹿城区','330300',3),(50652,'330303','龙湾区','330300',3),(50653,'330304','瓯海区','330300',3),(50654,'330305','洞头区','330300',3),(50655,'330324','永嘉县','330300',3),(50656,'330326','平阳县','330300',3),(50657,'330327','苍南县','330300',3),(50658,'330328','文成县','330300',3),(50659,'330329','泰顺县','330300',3),(50660,'330381','瑞安市','330300',3),(50661,'330382','乐清市','330300',3),(50662,'330402','南湖区','330400',3),(50663,'330411','秀洲区','330400',3),(50664,'330421','嘉善县','330400',3),(50665,'330424','海盐县','330400',3),(50666,'330481','海宁市','330400',3),(50667,'330482','平湖市','330400',3),(50668,'330483','桐乡市','330400',3),(50669,'330502','吴兴区','330500',3),(50670,'330503','南浔区','330500',3),(50671,'330521','德清县','330500',3),(50672,'330522','长兴县','330500',3),(50673,'330523','安吉县','330500',3),(50674,'330602','越城区','330600',3),(50675,'330603','柯桥区','330600',3),(50676,'330604','上虞区','330600',3),(50677,'330624','新昌县','330600',3),(50678,'330681','诸暨市','330600',3),(50679,'330683','嵊州市','330600',3),(50680,'330702','婺城区','330700',3),(50681,'330703','金东区','330700',3),(50682,'330723','武义县','330700',3),(50683,'330726','浦江县','330700',3),(50684,'330727','磐安县','330700',3),(50685,'330781','兰溪市','330700',3),(50686,'330782','义乌市','330700',3),(50687,'330783','东阳市','330700',3),(50688,'330784','永康市','330700',3),(50689,'330802','柯城区','330800',3),(50690,'330803','衢江区','330800',3),(50691,'330822','常山县','330800',3),(50692,'330824','开化县','330800',3),(50693,'330825','龙游县','330800',3),(50694,'330881','江山市','330800',3),(50695,'330902','定海区','330900',3),(50696,'330903','普陀区','330900',3),(50697,'330921','岱山县','330900',3),(50698,'330922','嵊泗县','330900',3),(50699,'331002','椒江区','331000',3),(50700,'331003','黄岩区','331000',3),(50701,'331004','路桥区','331000',3),(50702,'331022','三门县','331000',3),(50703,'331023','天台县','331000',3),(50704,'331024','仙居县','331000',3),(50705,'331081','温岭市','331000',3),(50706,'331082','临海市','331000',3),(50707,'331083','玉环市','331000',3),(50708,'331102','莲都区','331100',3),(50709,'331121','青田县','331100',3),(50710,'331122','缙云县','331100',3),(50711,'331123','遂昌县','331100',3),(50712,'331124','松阳县','331100',3),(50713,'331125','云和县','331100',3),(50714,'331126','庆元县','331100',3),(50715,'331127','景宁畲族自治县','331100',3),(50716,'331181','龙泉市','331100',3),(50717,'340102','瑶海区','340100',3),(50718,'340103','庐阳区','340100',3),(50719,'340104','蜀山区','340100',3),(50720,'340111','包河区','340100',3),(50721,'340121','长丰县','340100',3),(50722,'340122','肥东县','340100',3),(50723,'340123','肥西县','340100',3),(50724,'340124','庐江县','340100',3),(50725,'340181','巢湖市','340100',3),(50726,'340202','镜湖区','340200',3),(50727,'340203','弋江区','340200',3),(50728,'340207','鸠江区','340200',3),(50729,'340208','三山区','340200',3),(50730,'340221','芜湖县','340200',3),(50731,'340222','繁昌县','340200',3),(50732,'340223','南陵县','340200',3),(50733,'340225','无为县','340200',3),(50734,'340302','龙子湖区','340300',3),(50735,'340303','蚌山区','340300',3),(50736,'340304','禹会区','340300',3),(50737,'340311','淮上区','340300',3),(50738,'340321','怀远县','340300',3),(50739,'340322','五河县','340300',3),(50740,'340323','固镇县','340300',3),(50741,'340402','大通区','340400',3),(50742,'340403','田家庵区','340400',3),(50743,'340404','谢家集区','340400',3),(50744,'340405','八公山区','340400',3),(50745,'340406','潘集区','340400',3),(50746,'340421','凤台县','340400',3),(50747,'340422','寿县','340400',3),(50748,'340503','花山区','340500',3),(50749,'340504','雨山区','340500',3),(50750,'340506','博望区','340500',3),(50751,'340521','当涂县','340500',3),(50752,'340522','含山县','340500',3),(50753,'340523','和县','340500',3),(50754,'340602','杜集区','340600',3),(50755,'340603','相山区','340600',3),(50756,'340604','烈山区','340600',3),(50757,'340621','濉溪县','340600',3),(50758,'340705','铜官区','340700',3),(50759,'340706','义安区','340700',3),(50760,'340711','郊区','340700',3),(50761,'340722','枞阳县','340700',3),(50762,'340802','迎江区','340800',3),(50763,'340803','大观区','340800',3),(50764,'340811','宜秀区','340800',3),(50765,'340822','怀宁县','340800',3),(50766,'340824','潜山县','340800',3),(50767,'340825','太湖县','340800',3),(50768,'340826','宿松县','340800',3),(50769,'340827','望江县','340800',3),(50770,'340828','岳西县','340800',3),(50771,'340881','桐城市','340800',3),(50772,'341002','屯溪区','341000',3),(50773,'341003','黄山区','341000',3),(50774,'341004','徽州区','341000',3),(50775,'341021','歙县','341000',3),(50776,'341022','休宁县','341000',3),(50777,'341023','黟县','341000',3),(50778,'341024','祁门县','341000',3),(50779,'341102','琅琊区','341100',3),(50780,'341103','南谯区','341100',3),(50781,'341122','来安县','341100',3),(50782,'341124','全椒县','341100',3),(50783,'341125','定远县','341100',3),(50784,'341126','凤阳县','341100',3),(50785,'341181','天长市','341100',3),(50786,'341182','明光市','341100',3),(50787,'341202','颍州区','341200',3),(50788,'341203','颍东区','341200',3),(50789,'341204','颍泉区','341200',3),(50790,'341221','临泉县','341200',3),(50791,'341222','太和县','341200',3),(50792,'341225','阜南县','341200',3),(50793,'341226','颍上县','341200',3),(50794,'341282','界首市','341200',3),(50795,'341302','埇桥区','341300',3),(50796,'341321','砀山县','341300',3),(50797,'341322','萧县','341300',3),(50798,'341323','灵璧县','341300',3),(50799,'341324','泗县','341300',3),(50800,'341502','金安区','341500',3),(50801,'341503','裕安区','341500',3),(50802,'341504','叶集区','341500',3),(50803,'341522','霍邱县','341500',3),(50804,'341523','舒城县','341500',3),(50805,'341524','金寨县','341500',3),(50806,'341525','霍山县','341500',3),(50807,'341602','谯城区','341600',3),(50808,'341621','涡阳县','341600',3),(50809,'341622','蒙城县','341600',3),(50810,'341623','利辛县','341600',3),(50811,'341702','贵池区','341700',3),(50812,'341721','东至县','341700',3),(50813,'341722','石台县','341700',3),(50814,'341723','青阳县','341700',3),(50815,'341802','宣州区','341800',3),(50816,'341821','郎溪县','341800',3),(50817,'341822','广德县','341800',3),(50818,'341823','泾县','341800',3),(50819,'341824','绩溪县','341800',3),(50820,'341825','旌德县','341800',3),(50821,'341881','宁国市','341800',3),(50822,'350102','鼓楼区','350100',3),(50823,'350103','台江区','350100',3),(50824,'350104','仓山区','350100',3),(50825,'350105','马尾区','350100',3),(50826,'350111','晋安区','350100',3),(50827,'350121','闽侯县','350100',3),(50828,'350122','连江县','350100',3),(50829,'350123','罗源县','350100',3),(50830,'350124','闽清县','350100',3),(50831,'350125','永泰县','350100',3),(50832,'350128','平潭县','350100',3),(50833,'350181','福清市','350100',3),(50834,'350182','长乐市','350100',3),(50835,'350203','思明区','350200',3),(50836,'350205','海沧区','350200',3),(50837,'350206','湖里区','350200',3),(50838,'350211','集美区','350200',3),(50839,'350212','同安区','350200',3),(50840,'350213','翔安区','350200',3),(50841,'350302','城厢区','350300',3),(50842,'350303','涵江区','350300',3),(50843,'350304','荔城区','350300',3),(50844,'350305','秀屿区','350300',3),(50845,'350322','仙游县','350300',3),(50846,'350402','梅列区','350400',3),(50847,'350403','三元区','350400',3),(50848,'350421','明溪县','350400',3),(50849,'350423','清流县','350400',3),(50850,'350424','宁化县','350400',3),(50851,'350425','大田县','350400',3),(50852,'350426','尤溪县','350400',3),(50853,'350427','沙县','350400',3),(50854,'350428','将乐县','350400',3),(50855,'350429','泰宁县','350400',3),(50856,'350430','建宁县','350400',3),(50857,'350481','永安市','350400',3),(50858,'350502','鲤城区','350500',3),(50859,'350503','丰泽区','350500',3),(50860,'350504','洛江区','350500',3),(50861,'350505','泉港区','350500',3),(50862,'350521','惠安县','350500',3),(50863,'350524','安溪县','350500',3),(50864,'350525','永春县','350500',3),(50865,'350526','德化县','350500',3),(50866,'350527','金门县','350500',3),(50867,'350581','石狮市','350500',3),(50868,'350582','晋江市','350500',3),(50869,'350583','南安市','350500',3),(50870,'350602','芗城区','350600',3),(50871,'350603','龙文区','350600',3),(50872,'350622','云霄县','350600',3),(50873,'350623','漳浦县','350600',3),(50874,'350624','诏安县','350600',3),(50875,'350625','长泰县','350600',3),(50876,'350626','东山县','350600',3),(50877,'350627','南靖县','350600',3),(50878,'350628','平和县','350600',3),(50879,'350629','华安县','350600',3),(50880,'350681','龙海市','350600',3),(50881,'350702','延平区','350700',3),(50882,'350703','建阳区','350700',3),(50883,'350721','顺昌县','350700',3),(50884,'350722','浦城县','350700',3),(50885,'350723','光泽县','350700',3),(50886,'350724','松溪县','350700',3),(50887,'350725','政和县','350700',3),(50888,'350781','邵武市','350700',3),(50889,'350782','武夷山市','350700',3),(50890,'350783','建瓯市','350700',3),(50891,'350802','新罗区','350800',3),(50892,'350803','永定区','350800',3),(50893,'350821','长汀县','350800',3),(50894,'350823','上杭县','350800',3),(50895,'350824','武平县','350800',3),(50896,'350825','连城县','350800',3),(50897,'350881','漳平市','350800',3),(50898,'350902','蕉城区','350900',3),(50899,'350921','霞浦县','350900',3),(50900,'350922','古田县','350900',3),(50901,'350923','屏南县','350900',3),(50902,'350924','寿宁县','350900',3),(50903,'350925','周宁县','350900',3),(50904,'350926','柘荣县','350900',3),(50905,'350981','福安市','350900',3),(50906,'350982','福鼎市','350900',3),(50907,'360102','东湖区','360100',3),(50908,'360103','西湖区','360100',3),(50909,'360104','青云谱区','360100',3),(50910,'360105','湾里区','360100',3),(50911,'360111','青山湖区','360100',3),(50912,'360112','新建区','360100',3),(50913,'360121','南昌县','360100',3),(50914,'360123','安义县','360100',3),(50915,'360124','进贤县','360100',3),(50916,'360202','昌江区','360200',3),(50917,'360203','珠山区','360200',3),(50918,'360222','浮梁县','360200',3),(50919,'360281','乐平市','360200',3),(50920,'360302','安源区','360300',3),(50921,'360313','湘东区','360300',3),(50922,'360321','莲花县','360300',3),(50923,'360322','上栗县','360300',3),(50924,'360323','芦溪县','360300',3),(50925,'360402','濂溪区','360400',3),(50926,'360403','浔阳区','360400',3),(50927,'360421','九江县','360400',3),(50928,'360423','武宁县','360400',3),(50929,'360424','修水县','360400',3),(50930,'360425','永修县','360400',3),(50931,'360426','德安县','360400',3),(50932,'360428','都昌县','360400',3),(50933,'360429','湖口县','360400',3),(50934,'360430','彭泽县','360400',3),(50935,'360481','瑞昌市','360400',3),(50936,'360482','共青城市','360400',3),(50937,'360483','庐山市','360400',3),(50938,'360502','渝水区','360500',3),(50939,'360521','分宜县','360500',3),(50940,'360602','月湖区','360600',3),(50941,'360622','余江县','360600',3),(50942,'360681','贵溪市','360600',3),(50943,'360702','章贡区','360700',3),(50944,'360703','南康区','360700',3),(50945,'360704','赣县区','360700',3),(50946,'360722','信丰县','360700',3),(50947,'360723','大余县','360700',3),(50948,'360724','上犹县','360700',3),(50949,'360725','崇义县','360700',3),(50950,'360726','安远县','360700',3),(50951,'360727','龙南县','360700',3),(50952,'360728','定南县','360700',3),(50953,'360729','全南县','360700',3),(50954,'360730','宁都县','360700',3),(50955,'360731','于都县','360700',3),(50956,'360732','兴国县','360700',3),(50957,'360733','会昌县','360700',3),(50958,'360734','寻乌县','360700',3),(50959,'360735','石城县','360700',3),(50960,'360781','瑞金市','360700',3),(50961,'360802','吉州区','360800',3),(50962,'360803','青原区','360800',3),(50963,'360821','吉安县','360800',3),(50964,'360822','吉水县','360800',3),(50965,'360823','峡江县','360800',3),(50966,'360824','新干县','360800',3),(50967,'360825','永丰县','360800',3),(50968,'360826','泰和县','360800',3),(50969,'360827','遂川县','360800',3),(50970,'360828','万安县','360800',3),(50971,'360829','安福县','360800',3),(50972,'360830','永新县','360800',3),(50973,'360881','井冈山市','360800',3),(50974,'360902','袁州区','360900',3),(50975,'360921','奉新县','360900',3),(50976,'360922','万载县','360900',3),(50977,'360923','上高县','360900',3),(50978,'360924','宜丰县','360900',3),(50979,'360925','靖安县','360900',3),(50980,'360926','铜鼓县','360900',3),(50981,'360981','丰城市','360900',3),(50982,'360982','樟树市','360900',3),(50983,'360983','高安市','360900',3),(50984,'361002','临川区','361000',3),(50985,'361003','东乡区','361000',3),(50986,'361021','南城县','361000',3),(50987,'361022','黎川县','361000',3),(50988,'361023','南丰县','361000',3),(50989,'361024','崇仁县','361000',3),(50990,'361025','乐安县','361000',3),(50991,'361026','宜黄县','361000',3),(50992,'361027','金溪县','361000',3),(50993,'361028','资溪县','361000',3),(50994,'361030','广昌县','361000',3),(50995,'361102','信州区','361100',3),(50996,'361103','广丰区','361100',3),(50997,'361121','上饶县','361100',3),(50998,'361123','玉山县','361100',3),(50999,'361124','铅山县','361100',3),(51000,'361125','横峰县','361100',3),(51001,'361126','弋阳县','361100',3),(51002,'361127','余干县','361100',3),(51003,'361128','鄱阳县','361100',3),(51004,'361129','万年县','361100',3),(51005,'361130','婺源县','361100',3),(51006,'361181','德兴市','361100',3),(51007,'370102','历下区','370100',3),(51008,'370103','市中区','370100',3),(51009,'370104','槐荫区','370100',3),(51010,'370105','天桥区','370100',3),(51011,'370112','历城区','370100',3),(51012,'370113','长清区','370100',3),(51013,'370114','章丘区','370100',3),(51014,'370124','平阴县','370100',3),(51015,'370125','济阳县','370100',3),(51016,'370126','商河县','370100',3),(51017,'370202','市南区','370200',3),(51018,'370203','市北区','370200',3),(51019,'370211','黄岛区','370200',3),(51020,'370212','崂山区','370200',3),(51021,'370213','李沧区','370200',3),(51022,'370214','城阳区','370200',3),(51023,'370281','胶州市','370200',3),(51024,'370282','即墨市','370200',3),(51025,'370283','平度市','370200',3),(51026,'370285','莱西市','370200',3),(51027,'370302','淄川区','370300',3),(51028,'370303','张店区','370300',3),(51029,'370304','博山区','370300',3),(51030,'370305','临淄区','370300',3),(51031,'370306','周村区','370300',3),(51032,'370321','桓台县','370300',3),(51033,'370322','高青县','370300',3),(51034,'370323','沂源县','370300',3),(51035,'370402','市中区','370400',3),(51036,'370403','薛城区','370400',3),(51037,'370404','峄城区','370400',3),(51038,'370405','台儿庄区','370400',3),(51039,'370406','山亭区','370400',3),(51040,'370481','滕州市','370400',3),(51041,'370502','东营区','370500',3),(51042,'370503','河口区','370500',3),(51043,'370505','垦利区','370500',3),(51044,'370522','利津县','370500',3),(51045,'370523','广饶县','370500',3),(51046,'370602','芝罘区','370600',3),(51047,'370611','福山区','370600',3),(51048,'370612','牟平区','370600',3),(51049,'370613','莱山区','370600',3),(51050,'370634','长岛县','370600',3),(51051,'370681','龙口市','370600',3),(51052,'370682','莱阳市','370600',3),(51053,'370683','莱州市','370600',3),(51054,'370684','蓬莱市','370600',3),(51055,'370685','招远市','370600',3),(51056,'370686','栖霞市','370600',3),(51057,'370687','海阳市','370600',3),(51058,'370702','潍城区','370700',3),(51059,'370703','寒亭区','370700',3),(51060,'370704','坊子区','370700',3),(51061,'370705','奎文区','370700',3),(51062,'370724','临朐县','370700',3),(51063,'370725','昌乐县','370700',3),(51064,'370781','青州市','370700',3),(51065,'370782','诸城市','370700',3),(51066,'370783','寿光市','370700',3),(51067,'370784','安丘市','370700',3),(51068,'370785','高密市','370700',3),(51069,'370786','昌邑市','370700',3),(51070,'370811','任城区','370800',3),(51071,'370812','兖州区','370800',3),(51072,'370826','微山县','370800',3),(51073,'370827','鱼台县','370800',3),(51074,'370828','金乡县','370800',3),(51075,'370829','嘉祥县','370800',3),(51076,'370830','汶上县','370800',3),(51077,'370831','泗水县','370800',3),(51078,'370832','梁山县','370800',3),(51079,'370881','曲阜市','370800',3),(51080,'370883','邹城市','370800',3),(51081,'370902','泰山区','370900',3),(51082,'370911','岱岳区','370900',3),(51083,'370921','宁阳县','370900',3),(51084,'370923','东平县','370900',3),(51085,'370982','新泰市','370900',3),(51086,'370983','肥城市','370900',3),(51087,'371002','环翠区','371000',3),(51088,'371003','文登区','371000',3),(51089,'371082','荣成市','371000',3),(51090,'371083','乳山市','371000',3),(51091,'371102','东港区','371100',3),(51092,'371103','岚山区','371100',3),(51093,'371121','五莲县','371100',3),(51094,'371122','莒县','371100',3),(51095,'371202','莱城区','371200',3),(51096,'371203','钢城区','371200',3),(51097,'371302','兰山区','371300',3),(51098,'371311','罗庄区','371300',3),(51099,'371312','河东区','371300',3),(51100,'371321','沂南县','371300',3),(51101,'371322','郯城县','371300',3),(51102,'371323','沂水县','371300',3),(51103,'371324','兰陵县','371300',3),(51104,'371325','费县','371300',3),(51105,'371326','平邑县','371300',3),(51106,'371327','莒南县','371300',3),(51107,'371328','蒙阴县','371300',3),(51108,'371329','临沭县','371300',3),(51109,'371402','德城区','371400',3),(51110,'371403','陵城区','371400',3),(51111,'371422','宁津县','371400',3),(51112,'371423','庆云县','371400',3),(51113,'371424','临邑县','371400',3),(51114,'371425','齐河县','371400',3),(51115,'371426','平原县','371400',3),(51116,'371427','夏津县','371400',3),(51117,'371428','武城县','371400',3),(51118,'371481','乐陵市','371400',3),(51119,'371482','禹城市','371400',3),(51120,'371502','东昌府区','371500',3),(51121,'371521','阳谷县','371500',3),(51122,'371522','莘县','371500',3),(51123,'371523','茌平县','371500',3),(51124,'371524','东阿县','371500',3),(51125,'371525','冠县','371500',3),(51126,'371526','高唐县','371500',3),(51127,'371581','临清市','371500',3),(51128,'371602','滨城区','371600',3),(51129,'371603','沾化区','371600',3),(51130,'371621','惠民县','371600',3),(51131,'371622','阳信县','371600',3),(51132,'371623','无棣县','371600',3),(51133,'371625','博兴县','371600',3),(51134,'371626','邹平县','371600',3),(51135,'371702','牡丹区','371700',3),(51136,'371703','定陶区','371700',3),(51137,'371721','曹县','371700',3),(51138,'371722','单县','371700',3),(51139,'371723','成武县','371700',3),(51140,'371724','巨野县','371700',3),(51141,'371725','郓城县','371700',3),(51142,'371726','鄄城县','371700',3),(51143,'371728','东明县','371700',3),(51144,'410102','中原区','410100',3),(51145,'410103','二七区','410100',3),(51146,'410104','管城回族区','410100',3),(51147,'410105','金水区','410100',3),(51148,'410106','上街区','410100',3),(51149,'410108','惠济区','410100',3),(51150,'410122','中牟县','410100',3),(51151,'410181','巩义市','410100',3),(51152,'410182','荥阳市','410100',3),(51153,'410183','新密市','410100',3),(51154,'410184','新郑市','410100',3),(51155,'410185','登封市','410100',3),(51156,'410202','龙亭区','410200',3),(51157,'410203','顺河回族区','410200',3),(51158,'410204','鼓楼区','410200',3),(51159,'410205','禹王台区','410200',3),(51160,'410212','祥符区','410200',3),(51161,'410221','杞县','410200',3),(51162,'410222','通许县','410200',3),(51163,'410223','尉氏县','410200',3),(51164,'410225','兰考县','410200',3),(51165,'410302','老城区','410300',3),(51166,'410303','西工区','410300',3),(51167,'410304','瀍河回族区','410300',3),(51168,'410305','涧西区','410300',3),(51169,'410306','吉利区','410300',3),(51170,'410311','洛龙区','410300',3),(51171,'410322','孟津县','410300',3),(51172,'410323','新安县','410300',3),(51173,'410324','栾川县','410300',3),(51174,'410325','嵩县','410300',3),(51175,'410326','汝阳县','410300',3),(51176,'410327','宜阳县','410300',3),(51177,'410328','洛宁县','410300',3),(51178,'410329','伊川县','410300',3),(51179,'410381','偃师市','410300',3),(51180,'410402','新华区','410400',3),(51181,'410403','卫东区','410400',3),(51182,'410404','石龙区','410400',3),(51183,'410411','湛河区','410400',3),(51184,'410421','宝丰县','410400',3),(51185,'410422','叶县','410400',3),(51186,'410423','鲁山县','410400',3),(51187,'410425','郏县','410400',3),(51188,'410481','舞钢市','410400',3),(51189,'410482','汝州市','410400',3),(51190,'410502','文峰区','410500',3),(51191,'410503','北关区','410500',3),(51192,'410505','殷都区','410500',3),(51193,'410506','龙安区','410500',3),(51194,'410522','安阳县','410500',3),(51195,'410523','汤阴县','410500',3),(51196,'410526','滑县','410500',3),(51197,'410527','内黄县','410500',3),(51198,'410581','林州市','410500',3),(51199,'410602','鹤山区','410600',3),(51200,'410603','山城区','410600',3),(51201,'410611','淇滨区','410600',3),(51202,'410621','浚县','410600',3),(51203,'410622','淇县','410600',3),(51204,'410702','红旗区','410700',3),(51205,'410703','卫滨区','410700',3),(51206,'410704','凤泉区','410700',3),(51207,'410711','牧野区','410700',3),(51208,'410721','新乡县','410700',3),(51209,'410724','获嘉县','410700',3),(51210,'410725','原阳县','410700',3),(51211,'410726','延津县','410700',3),(51212,'410727','封丘县','410700',3),(51213,'410728','长垣县','410700',3),(51214,'410781','卫辉市','410700',3),(51215,'410782','辉县市','410700',3),(51216,'410802','解放区','410800',3),(51217,'410803','中站区','410800',3),(51218,'410804','马村区','410800',3),(51219,'410811','山阳区','410800',3),(51220,'410821','修武县','410800',3),(51221,'410822','博爱县','410800',3),(51222,'410823','武陟县','410800',3),(51223,'410825','温县','410800',3),(51224,'410882','沁阳市','410800',3),(51225,'410883','孟州市','410800',3),(51226,'410902','华龙区','410900',3),(51227,'410922','清丰县','410900',3),(51228,'410923','南乐县','410900',3),(51229,'410926','范县','410900',3),(51230,'410927','台前县','410900',3),(51231,'410928','濮阳县','410900',3),(51232,'411002','魏都区','411000',3),(51233,'411003','建安区','411000',3),(51234,'411024','鄢陵县','411000',3),(51235,'411025','襄城县','411000',3),(51236,'411081','禹州市','411000',3),(51237,'411082','长葛市','411000',3),(51238,'411102','源汇区','411100',3),(51239,'411103','郾城区','411100',3),(51240,'411104','召陵区','411100',3),(51241,'411121','舞阳县','411100',3),(51242,'411122','临颍县','411100',3),(51243,'411202','湖滨区','411200',3),(51244,'411203','陕州区','411200',3),(51245,'411221','渑池县','411200',3),(51246,'411224','卢氏县','411200',3),(51247,'411281','义马市','411200',3),(51248,'411282','灵宝市','411200',3),(51249,'411302','宛城区','411300',3),(51250,'411303','卧龙区','411300',3),(51251,'411321','南召县','411300',3),(51252,'411322','方城县','411300',3),(51253,'411323','西峡县','411300',3),(51254,'411324','镇平县','411300',3),(51255,'411325','内乡县','411300',3),(51256,'411326','淅川县','411300',3),(51257,'411327','社旗县','411300',3),(51258,'411328','唐河县','411300',3),(51259,'411329','新野县','411300',3),(51260,'411330','桐柏县','411300',3),(51261,'411381','邓州市','411300',3),(51262,'411402','梁园区','411400',3),(51263,'411403','睢阳区','411400',3),(51264,'411421','民权县','411400',3),(51265,'411422','睢县','411400',3),(51266,'411423','宁陵县','411400',3),(51267,'411424','柘城县','411400',3),(51268,'411425','虞城县','411400',3),(51269,'411426','夏邑县','411400',3),(51270,'411481','永城市','411400',3),(51271,'411502','浉河区','411500',3),(51272,'411503','平桥区','411500',3),(51273,'411521','罗山县','411500',3),(51274,'411522','光山县','411500',3),(51275,'411523','新县','411500',3),(51276,'411524','商城县','411500',3),(51277,'411525','固始县','411500',3),(51278,'411526','潢川县','411500',3),(51279,'411527','淮滨县','411500',3),(51280,'411528','息县','411500',3),(51281,'411602','川汇区','411600',3),(51282,'411621','扶沟县','411600',3),(51283,'411622','西华县','411600',3),(51284,'411623','商水县','411600',3),(51285,'411624','沈丘县','411600',3),(51286,'411625','郸城县','411600',3),(51287,'411626','淮阳县','411600',3),(51288,'411627','太康县','411600',3),(51289,'411628','鹿邑县','411600',3),(51290,'411681','项城市','411600',3),(51291,'411702','驿城区','411700',3),(51292,'411721','西平县','411700',3),(51293,'411722','上蔡县','411700',3),(51294,'411723','平舆县','411700',3),(51295,'411724','正阳县','411700',3),(51296,'411725','确山县','411700',3),(51297,'411726','泌阳县','411700',3),(51298,'411727','汝南县','411700',3),(51299,'411728','遂平县','411700',3),(51300,'411729','新蔡县','411700',3),(51301,'419001001','沁园街道','419001',3),(51302,'419001002','济水街道','419001',3),(51303,'419001003','北海街道','419001',3),(51304,'419001004','天坛街道','419001',3),(51305,'419001005','玉泉街道','419001',3),(51306,'419001100','克井镇','419001',3),(51307,'419001101','五龙口镇','419001',3),(51308,'419001102','轵城镇','419001',3),(51309,'419001103','承留镇','419001',3),(51310,'419001104','邵原镇','419001',3),(51311,'419001105','坡头镇','419001',3),(51312,'419001106','梨林镇','419001',3),(51313,'419001107','大峪镇','419001',3),(51314,'419001108','思礼镇','419001',3),(51315,'419001109','王屋镇','419001',3),(51316,'419001110','下冶镇','419001',3),(51317,'420102','江岸区','420100',3),(51318,'420103','江汉区','420100',3),(51319,'420104','硚口区','420100',3),(51320,'420105','汉阳区','420100',3),(51321,'420106','武昌区','420100',3),(51322,'420107','青山区','420100',3),(51323,'420111','洪山区','420100',3),(51324,'420112','东西湖区','420100',3),(51325,'420113','汉南区','420100',3),(51326,'420114','蔡甸区','420100',3),(51327,'420115','江夏区','420100',3),(51328,'420116','黄陂区','420100',3),(51329,'420117','新洲区','420100',3),(51330,'420202','黄石港区','420200',3),(51331,'420203','西塞山区','420200',3),(51332,'420204','下陆区','420200',3),(51333,'420205','铁山区','420200',3),(51334,'420222','阳新县','420200',3),(51335,'420281','大冶市','420200',3),(51336,'420302','茅箭区','420300',3),(51337,'420303','张湾区','420300',3),(51338,'420304','郧阳区','420300',3),(51339,'420322','郧西县','420300',3),(51340,'420323','竹山县','420300',3),(51341,'420324','竹溪县','420300',3),(51342,'420325','房县','420300',3),(51343,'420381','丹江口市','420300',3),(51344,'420502','西陵区','420500',3),(51345,'420503','伍家岗区','420500',3),(51346,'420504','点军区','420500',3),(51347,'420505','猇亭区','420500',3),(51348,'420506','夷陵区','420500',3),(51349,'420525','远安县','420500',3),(51350,'420526','兴山县','420500',3),(51351,'420527','秭归县','420500',3),(51352,'420528','长阳土家族自治县','420500',3),(51353,'420529','五峰土家族自治县','420500',3),(51354,'420581','宜都市','420500',3),(51355,'420582','当阳市','420500',3),(51356,'420583','枝江市','420500',3),(51357,'420602','襄城区','420600',3),(51358,'420606','樊城区','420600',3),(51359,'420607','襄州区','420600',3),(51360,'420624','南漳县','420600',3),(51361,'420625','谷城县','420600',3),(51362,'420626','保康县','420600',3),(51363,'420682','老河口市','420600',3),(51364,'420683','枣阳市','420600',3),(51365,'420684','宜城市','420600',3),(51366,'420702','梁子湖区','420700',3),(51367,'420703','华容区','420700',3),(51368,'420704','鄂城区','420700',3),(51369,'420802','东宝区','420800',3),(51370,'420804','掇刀区','420800',3),(51371,'420821','京山县','420800',3),(51372,'420822','沙洋县','420800',3),(51373,'420881','钟祥市','420800',3),(51374,'420902','孝南区','420900',3),(51375,'420921','孝昌县','420900',3),(51376,'420922','大悟县','420900',3),(51377,'420923','云梦县','420900',3),(51378,'420981','应城市','420900',3),(51379,'420982','安陆市','420900',3),(51380,'420984','汉川市','420900',3),(51381,'421002','沙市区','421000',3),(51382,'421003','荆州区','421000',3),(51383,'421022','公安县','421000',3),(51384,'421023','监利县','421000',3),(51385,'421024','江陵县','421000',3),(51386,'421081','石首市','421000',3),(51387,'421083','洪湖市','421000',3),(51388,'421087','松滋市','421000',3),(51389,'421102','黄州区','421100',3),(51390,'421121','团风县','421100',3),(51391,'421122','红安县','421100',3),(51392,'421123','罗田县','421100',3),(51393,'421124','英山县','421100',3),(51394,'421125','浠水县','421100',3),(51395,'421126','蕲春县','421100',3),(51396,'421127','黄梅县','421100',3),(51397,'421181','麻城市','421100',3),(51398,'421182','武穴市','421100',3),(51399,'421202','咸安区','421200',3),(51400,'421221','嘉鱼县','421200',3),(51401,'421222','通城县','421200',3),(51402,'421223','崇阳县','421200',3),(51403,'421224','通山县','421200',3),(51404,'421281','赤壁市','421200',3),(51405,'421303','曾都区','421300',3),(51406,'421321','随县','421300',3),(51407,'421381','广水市','421300',3),(51408,'422801','恩施市','422800',3),(51409,'422802','利川市','422800',3),(51410,'422822','建始县','422800',3),(51411,'422823','巴东县','422800',3),(51412,'422825','宣恩县','422800',3),(51413,'422826','咸丰县','422800',3),(51414,'422827','来凤县','422800',3),(51415,'422828','鹤峰县','422800',3),(51416,'429004001','沙嘴街道','429004',3),(51417,'429004002','干河街道','429004',3),(51418,'429004003','龙华山办事处','429004',3),(51419,'429004100','郑场镇','429004',3),(51420,'429004101','毛嘴镇','429004',3),(51421,'429004102','豆河镇','429004',3),(51422,'429004103','三伏潭镇','429004',3),(51423,'429004104','胡场镇','429004',3),(51424,'429004105','长倘口镇','429004',3),(51425,'429004106','西流河镇','429004',3),(51426,'429004107','沙湖镇','429004',3),(51427,'429004108','杨林尾镇','429004',3),(51428,'429004109','彭场镇','429004',3),(51429,'429004110','张沟镇','429004',3),(51430,'429004111','郭河镇','429004',3),(51431,'429004112','沔城回族镇','429004',3),(51432,'429004113','通海口镇','429004',3),(51433,'429004114','陈场镇','429004',3),(51434,'429004400','工业园区','429004',3),(51435,'429004401','九合垸原种场','429004',3),(51436,'429004404','五湖渔场','429004',3),(51437,'429004405','赵西垸林场','429004',3),(51438,'429004407','畜禽良种场','429004',3),(51439,'429005001','园林办事处','429005',3),(51440,'429005003','周矶办事处','429005',3),(51441,'429005004','广华办事处','429005',3),(51442,'429005005','泰丰办事处','429005',3),(51443,'429005006','高场办事处','429005',3),(51444,'429005100','竹根滩镇','429005',3),(51445,'429005101','渔洋镇','429005',3),(51446,'429005102','王场镇','429005',3),(51447,'429005103','高石碑镇','429005',3),(51448,'429005104','熊口镇','429005',3),(51449,'429005105','老新镇','429005',3),(51450,'429005106','浩口镇','429005',3),(51451,'429005107','积玉口镇','429005',3),(51452,'429005108','张金镇','429005',3),(51453,'429005109','龙湾镇','429005',3),(51454,'429005451','后湖管理区','429005',3),(51455,'429005452','熊口管理区','429005',3),(51456,'429005453','总口管理区','429005',3),(51457,'429005454','白鹭湖管理区','429005',3),(51458,'429005455','运粮湖管理区','429005',3),(51459,'429005900','杨市办事处','429005',3),(51460,'429005950','广华寺农场','429005',3),(51461,'429006001','竟陵街道','429006',3),(51462,'429006002','侨乡街道开发区','429006',3),(51463,'429006003','杨林街道','429006',3),(51464,'429006100','多宝镇','429006',3),(51465,'429006101','拖市镇','429006',3),(51466,'429006102','张港镇','429006',3),(51467,'429006103','蒋场镇','429006',3),(51468,'429006104','汪场镇','429006',3),(51469,'429006105','渔薪镇','429006',3),(51470,'429006106','黄潭镇','429006',3),(51471,'429006107','岳口镇','429006',3),(51472,'429006108','横林镇','429006',3),(51473,'429006109','彭市镇','429006',3),(51474,'429006110','麻洋镇','429006',3),(51475,'429006111','多祥镇','429006',3),(51476,'429006112','干驿镇','429006',3),(51477,'429006113','马湾镇','429006',3),(51478,'429006114','卢市镇','429006',3),(51479,'429006115','小板镇','429006',3),(51480,'429006116','九真镇','429006',3),(51481,'429006118','皂市镇','429006',3),(51482,'429006119','胡市镇','429006',3),(51483,'429006120','石河镇','429006',3),(51484,'429006121','佛子山镇','429006',3),(51485,'429006201','净潭乡','429006',3),(51486,'429006450','蒋湖农场','429006',3),(51487,'429006451','白茅湖农场','429006',3),(51488,'429006452','沉湖管委会','429006',3),(51489,'429021100','松柏镇','429021',3),(51490,'429021101','阳日镇','429021',3),(51491,'429021102','木鱼镇','429021',3),(51492,'429021103','红坪镇','429021',3),(51493,'429021104','新华镇','429021',3),(51494,'429021105','九湖镇','429021',3),(51495,'429021200','宋洛乡','429021',3),(51496,'429021202','下谷坪土家族乡','429021',3),(51497,'430102','芙蓉区','430100',3),(51498,'430103','天心区','430100',3),(51499,'430104','岳麓区','430100',3),(51500,'430105','开福区','430100',3),(51501,'430111','雨花区','430100',3),(51502,'430112','望城区','430100',3),(51503,'430121','长沙县','430100',3),(51504,'430181','浏阳市','430100',3),(51505,'430182','宁乡市','430100',3),(51506,'430202','荷塘区','430200',3),(51507,'430203','芦淞区','430200',3),(51508,'430204','石峰区','430200',3),(51509,'430211','天元区','430200',3),(51510,'430221','株洲县','430200',3),(51511,'430223','攸县','430200',3),(51512,'430224','茶陵县','430200',3),(51513,'430225','炎陵县','430200',3),(51514,'430281','醴陵市','430200',3),(51515,'430302','雨湖区','430300',3),(51516,'430304','岳塘区','430300',3),(51517,'430321','湘潭县','430300',3),(51518,'430381','湘乡市','430300',3),(51519,'430382','韶山市','430300',3),(51520,'430405','珠晖区','430400',3),(51521,'430406','雁峰区','430400',3),(51522,'430407','石鼓区','430400',3),(51523,'430408','蒸湘区','430400',3),(51524,'430412','南岳区','430400',3),(51525,'430421','衡阳县','430400',3),(51526,'430422','衡南县','430400',3),(51527,'430423','衡山县','430400',3),(51528,'430424','衡东县','430400',3),(51529,'430426','祁东县','430400',3),(51530,'430481','耒阳市','430400',3),(51531,'430482','常宁市','430400',3),(51532,'430502','双清区','430500',3),(51533,'430503','大祥区','430500',3),(51534,'430511','北塔区','430500',3),(51535,'430521','邵东县','430500',3),(51536,'430522','新邵县','430500',3),(51537,'430523','邵阳县','430500',3),(51538,'430524','隆回县','430500',3),(51539,'430525','洞口县','430500',3),(51540,'430527','绥宁县','430500',3),(51541,'430528','新宁县','430500',3),(51542,'430529','城步苗族自治县','430500',3),(51543,'430581','武冈市','430500',3),(51544,'430602','岳阳楼区','430600',3),(51545,'430603','云溪区','430600',3),(51546,'430611','君山区','430600',3),(51547,'430621','岳阳县','430600',3),(51548,'430623','华容县','430600',3),(51549,'430624','湘阴县','430600',3),(51550,'430626','平江县','430600',3),(51551,'430681','汨罗市','430600',3),(51552,'430682','临湘市','430600',3),(51553,'430702','武陵区','430700',3),(51554,'430703','鼎城区','430700',3),(51555,'430721','安乡县','430700',3),(51556,'430722','汉寿县','430700',3),(51557,'430723','澧县','430700',3),(51558,'430724','临澧县','430700',3),(51559,'430725','桃源县','430700',3),(51560,'430726','石门县','430700',3),(51561,'430781','津市市','430700',3),(51562,'430802','永定区','430800',3),(51563,'430811','武陵源区','430800',3),(51564,'430821','慈利县','430800',3),(51565,'430822','桑植县','430800',3),(51566,'430902','资阳区','430900',3),(51567,'430903','赫山区','430900',3),(51568,'430921','南县','430900',3),(51569,'430922','桃江县','430900',3),(51570,'430923','安化县','430900',3),(51571,'430981','沅江市','430900',3),(51572,'431002','北湖区','431000',3),(51573,'431003','苏仙区','431000',3),(51574,'431021','桂阳县','431000',3),(51575,'431022','宜章县','431000',3),(51576,'431023','永兴县','431000',3),(51577,'431024','嘉禾县','431000',3),(51578,'431025','临武县','431000',3),(51579,'431026','汝城县','431000',3),(51580,'431027','桂东县','431000',3),(51581,'431028','安仁县','431000',3),(51582,'431081','资兴市','431000',3),(51583,'431102','零陵区','431100',3),(51584,'431103','冷水滩区','431100',3),(51585,'431121','祁阳县','431100',3),(51586,'431122','东安县','431100',3),(51587,'431123','双牌县','431100',3),(51588,'431124','道县','431100',3),(51589,'431125','江永县','431100',3),(51590,'431126','宁远县','431100',3),(51591,'431127','蓝山县','431100',3),(51592,'431128','新田县','431100',3),(51593,'431129','江华瑶族自治县','431100',3),(51594,'431202','鹤城区','431200',3),(51595,'431221','中方县','431200',3),(51596,'431222','沅陵县','431200',3),(51597,'431223','辰溪县','431200',3),(51598,'431224','溆浦县','431200',3),(51599,'431225','会同县','431200',3),(51600,'431226','麻阳苗族自治县','431200',3),(51601,'431227','新晃侗族自治县','431200',3),(51602,'431228','芷江侗族自治县','431200',3),(51603,'431229','靖州苗族侗族自治县','431200',3),(51604,'431230','通道侗族自治县','431200',3),(51605,'431281','洪江市','431200',3),(51606,'431302','娄星区','431300',3),(51607,'431321','双峰县','431300',3),(51608,'431322','新化县','431300',3),(51609,'431381','冷水江市','431300',3),(51610,'431382','涟源市','431300',3),(51611,'433101','吉首市','433100',3),(51612,'433122','泸溪县','433100',3),(51613,'433123','凤凰县','433100',3),(51614,'433124','花垣县','433100',3),(51615,'433125','保靖县','433100',3),(51616,'433126','古丈县','433100',3),(51617,'433127','永顺县','433100',3),(51618,'433130','龙山县','433100',3),(51619,'440103','荔湾区','440100',3),(51620,'440104','越秀区','440100',3),(51621,'440105','海珠区','440100',3),(51622,'440106','天河区','440100',3),(51623,'440111','白云区','440100',3),(51624,'440112','黄埔区','440100',3),(51625,'440113','番禺区','440100',3),(51626,'440114','花都区','440100',3),(51627,'440115','南沙区','440100',3),(51628,'440117','从化区','440100',3),(51629,'440118','增城区','440100',3),(51630,'440203','武江区','440200',3),(51631,'440204','浈江区','440200',3),(51632,'440205','曲江区','440200',3),(51633,'440222','始兴县','440200',3),(51634,'440224','仁化县','440200',3),(51635,'440229','翁源县','440200',3),(51636,'440232','乳源瑶族自治县','440200',3),(51637,'440233','新丰县','440200',3),(51638,'440281','乐昌市','440200',3),(51639,'440282','南雄市','440200',3),(51640,'440303','罗湖区','440300',3),(51641,'440304','福田区','440300',3),(51642,'440305','南山区','440300',3),(51643,'440306','宝安区','440300',3),(51644,'440307','龙岗区','440300',3),(51645,'440308','盐田区','440300',3),(51646,'440309','龙华区','440300',3),(51647,'440310','坪山区','440300',3),(51648,'440402','香洲区','440400',3),(51649,'440403','斗门区','440400',3),(51650,'440404','金湾区','440400',3),(51651,'440507','龙湖区','440500',3),(51652,'440511','金平区','440500',3),(51653,'440512','濠江区','440500',3),(51654,'440513','潮阳区','440500',3),(51655,'440514','潮南区','440500',3),(51656,'440515','澄海区','440500',3),(51657,'440523','南澳县','440500',3),(51658,'440604','禅城区','440600',3),(51659,'440605','南海区','440600',3),(51660,'440606','顺德区','440600',3),(51661,'440607','三水区','440600',3),(51662,'440608','高明区','440600',3),(51663,'440703','蓬江区','440700',3),(51664,'440704','江海区','440700',3),(51665,'440705','新会区','440700',3),(51666,'440781','台山市','440700',3),(51667,'440783','开平市','440700',3),(51668,'440784','鹤山市','440700',3),(51669,'440785','恩平市','440700',3),(51670,'440802','赤坎区','440800',3),(51671,'440803','霞山区','440800',3),(51672,'440804','坡头区','440800',3),(51673,'440811','麻章区','440800',3),(51674,'440823','遂溪县','440800',3),(51675,'440825','徐闻县','440800',3),(51676,'440881','廉江市','440800',3),(51677,'440882','雷州市','440800',3),(51678,'440883','吴川市','440800',3),(51679,'440902','茂南区','440900',3),(51680,'440904','电白区','440900',3),(51681,'440981','高州市','440900',3),(51682,'440982','化州市','440900',3),(51683,'440983','信宜市','440900',3),(51684,'441202','端州区','441200',3),(51685,'441203','鼎湖区','441200',3),(51686,'441204','高要区','441200',3),(51687,'441223','广宁县','441200',3),(51688,'441224','怀集县','441200',3),(51689,'441225','封开县','441200',3),(51690,'441226','德庆县','441200',3),(51691,'441284','四会市','441200',3),(51692,'441302','惠城区','441300',3),(51693,'441303','惠阳区','441300',3),(51694,'441322','博罗县','441300',3),(51695,'441323','惠东县','441300',3),(51696,'441324','龙门县','441300',3),(51697,'441402','梅江区','441400',3),(51698,'441403','梅县区','441400',3),(51699,'441422','大埔县','441400',3),(51700,'441423','丰顺县','441400',3),(51701,'441424','五华县','441400',3),(51702,'441426','平远县','441400',3),(51703,'441427','蕉岭县','441400',3),(51704,'441481','兴宁市','441400',3),(51705,'441502','城区','441500',3),(51706,'441521','海丰县','441500',3),(51707,'441523','陆河县','441500',3),(51708,'441581','陆丰市','441500',3),(51709,'441602','源城区','441600',3),(51710,'441621','紫金县','441600',3),(51711,'441622','龙川县','441600',3),(51712,'441623','连平县','441600',3),(51713,'441624','和平县','441600',3),(51714,'441625','东源县','441600',3),(51715,'441702','江城区','441700',3),(51716,'441704','阳东区','441700',3),(51717,'441721','阳西县','441700',3),(51718,'441781','阳春市','441700',3),(51719,'441802','清城区','441800',3),(51720,'441803','清新区','441800',3),(51721,'441821','佛冈县','441800',3),(51722,'441823','阳山县','441800',3),(51723,'441825','连山壮族瑶族自治县','441800',3),(51724,'441826','连南瑶族自治县','441800',3),(51725,'441881','英德市','441800',3),(51726,'441882','连州市','441800',3),(51727,'441999','东莞市','441900',3),(51728,'442099','中山市','442000',3),(51729,'445102','湘桥区','445100',3),(51730,'445103','潮安区','445100',3),(51731,'445122','饶平县','445100',3),(51732,'445202','榕城区','445200',3),(51733,'445203','揭东区','445200',3),(51734,'445222','揭西县','445200',3),(51735,'445224','惠来县','445200',3),(51736,'445281','普宁市','445200',3),(51737,'445302','云城区','445300',3),(51738,'445303','云安区','445300',3),(51739,'445321','新兴县','445300',3),(51740,'445322','郁南县','445300',3),(51741,'445381','罗定市','445300',3),(51742,'450102','兴宁区','450100',3),(51743,'450103','青秀区','450100',3),(51744,'450105','江南区','450100',3),(51745,'450107','西乡塘区','450100',3),(51746,'450108','良庆区','450100',3),(51747,'450109','邕宁区','450100',3),(51748,'450110','武鸣区','450100',3),(51749,'450123','隆安县','450100',3),(51750,'450124','马山县','450100',3),(51751,'450125','上林县','450100',3),(51752,'450126','宾阳县','450100',3),(51753,'450127','横县','450100',3),(51754,'450202','城中区','450200',3),(51755,'450203','鱼峰区','450200',3),(51756,'450204','柳南区','450200',3),(51757,'450205','柳北区','450200',3),(51758,'450206','柳江区','450200',3),(51759,'450222','柳城县','450200',3),(51760,'450223','鹿寨县','450200',3),(51761,'450224','融安县','450200',3),(51762,'450225','融水苗族自治县','450200',3),(51763,'450226','三江侗族自治县','450200',3),(51764,'450302','秀峰区','450300',3),(51765,'450303','叠彩区','450300',3),(51766,'450304','象山区','450300',3),(51767,'450305','七星区','450300',3),(51768,'450311','雁山区','450300',3),(51769,'450312','临桂区','450300',3),(51770,'450321','阳朔县','450300',3),(51771,'450323','灵川县','450300',3),(51772,'450324','全州县','450300',3),(51773,'450325','兴安县','450300',3),(51774,'450326','永福县','450300',3),(51775,'450327','灌阳县','450300',3),(51776,'450328','龙胜各族自治县','450300',3),(51777,'450329','资源县','450300',3),(51778,'450330','平乐县','450300',3),(51779,'450331','荔浦县','450300',3),(51780,'450332','恭城瑶族自治县','450300',3),(51781,'450403','万秀区','450400',3),(51782,'450405','长洲区','450400',3),(51783,'450406','龙圩区','450400',3),(51784,'450421','苍梧县','450400',3),(51785,'450422','藤县','450400',3),(51786,'450423','蒙山县','450400',3),(51787,'450481','岑溪市','450400',3),(51788,'450502','海城区','450500',3),(51789,'450503','银海区','450500',3),(51790,'450512','铁山港区','450500',3),(51791,'450521','合浦县','450500',3),(51792,'450602','港口区','450600',3),(51793,'450603','防城区','450600',3),(51794,'450621','上思县','450600',3),(51795,'450681','东兴市','450600',3),(51796,'450702','钦南区','450700',3),(51797,'450703','钦北区','450700',3),(51798,'450721','灵山县','450700',3),(51799,'450722','浦北县','450700',3),(51800,'450802','港北区','450800',3),(51801,'450803','港南区','450800',3),(51802,'450804','覃塘区','450800',3),(51803,'450821','平南县','450800',3),(51804,'450881','桂平市','450800',3),(51805,'450902','玉州区','450900',3),(51806,'450903','福绵区','450900',3),(51807,'450921','容县','450900',3),(51808,'450922','陆川县','450900',3),(51809,'450923','博白县','450900',3),(51810,'450924','兴业县','450900',3),(51811,'450981','北流市','450900',3),(51812,'451002','右江区','451000',3),(51813,'451021','田阳县','451000',3),(51814,'451022','田东县','451000',3),(51815,'451023','平果县','451000',3),(51816,'451024','德保县','451000',3),(51817,'451026','那坡县','451000',3),(51818,'451027','凌云县','451000',3),(51819,'451028','乐业县','451000',3),(51820,'451029','田林县','451000',3),(51821,'451030','西林县','451000',3),(51822,'451031','隆林各族自治县','451000',3),(51823,'451081','靖西市','451000',3),(51824,'451102','八步区','451100',3),(51825,'451103','平桂区','451100',3),(51826,'451121','昭平县','451100',3),(51827,'451122','钟山县','451100',3),(51828,'451123','富川瑶族自治县','451100',3),(51829,'451202','金城江区','451200',3),(51830,'451203','宜州区','451200',3),(51831,'451221','南丹县','451200',3),(51832,'451222','天峨县','451200',3),(51833,'451223','凤山县','451200',3),(51834,'451224','东兰县','451200',3),(51835,'451225','罗城仫佬族自治县','451200',3),(51836,'451226','环江毛南族自治县','451200',3),(51837,'451227','巴马瑶族自治县','451200',3),(51838,'451228','都安瑶族自治县','451200',3),(51839,'451229','大化瑶族自治县','451200',3),(51840,'451302','兴宾区','451300',3),(51841,'451321','忻城县','451300',3),(51842,'451322','象州县','451300',3),(51843,'451323','武宣县','451300',3),(51844,'451324','金秀瑶族自治县','451300',3),(51845,'451381','合山市','451300',3),(51846,'451402','江州区','451400',3),(51847,'451421','扶绥县','451400',3),(51848,'451422','宁明县','451400',3),(51849,'451423','龙州县','451400',3),(51850,'451424','大新县','451400',3),(51851,'451425','天等县','451400',3),(51852,'451481','凭祥市','451400',3),(53087,'510104','锦江区','510100',3),(53088,'510105','青羊区','510100',3),(53089,'510106','金牛区','510100',3),(53090,'510107','武侯区','510100',3),(53091,'510108','成华区','510100',3),(53092,'510112','龙泉驿区','510100',3),(53093,'510113','青白江区','510100',3),(53094,'510114','新都区','510100',3),(53095,'510115','温江区','510100',3),(53096,'510116','双流区','510100',3),(53097,'510117','郫都区','510100',3),(53098,'510121','金堂县','510100',3),(53099,'510129','大邑县','510100',3),(53100,'510131','蒲江县','510100',3),(53101,'510132','新津县','510100',3),(53102,'510181','都江堰市','510100',3),(53103,'510182','彭州市','510100',3),(53104,'510183','邛崃市','510100',3),(53105,'510184','崇州市','510100',3),(53106,'510185','简阳市','510100',3),(53107,'510302','自流井区','510300',3),(53108,'510303','贡井区','510300',3),(53109,'510304','大安区','510300',3),(53110,'510311','沿滩区','510300',3),(53111,'510321','荣县','510300',3),(53112,'510322','富顺县','510300',3),(53113,'510402','东区','510400',3),(53114,'510403','西区','510400',3),(53115,'510411','仁和区','510400',3),(53116,'510421','米易县','510400',3),(53117,'510422','盐边县','510400',3),(53118,'510502','江阳区','510500',3),(53119,'510503','纳溪区','510500',3),(53120,'510504','龙马潭区','510500',3),(53121,'510521','泸县','510500',3),(53122,'510522','合江县','510500',3),(53123,'510524','叙永县','510500',3),(53124,'510525','古蔺县','510500',3),(53125,'510603','旌阳区','510600',3),(53126,'510623','中江县','510600',3),(53127,'510626','罗江县','510600',3),(53128,'510681','广汉市','510600',3),(53129,'510682','什邡市','510600',3),(53130,'510683','绵竹市','510600',3),(53131,'510703','涪城区','510700',3),(53132,'510704','游仙区','510700',3),(53133,'510705','安州区','510700',3),(53134,'510722','三台县','510700',3),(53135,'510723','盐亭县','510700',3),(53136,'510725','梓潼县','510700',3),(53137,'510726','北川羌族自治县','510700',3),(53138,'510727','平武县','510700',3),(53139,'510781','江油市','510700',3),(53140,'510802','利州区','510800',3),(53141,'510811','昭化区','510800',3),(53142,'510812','朝天区','510800',3),(53143,'510821','旺苍县','510800',3),(53144,'510822','青川县','510800',3),(53145,'510823','剑阁县','510800',3),(53146,'510824','苍溪县','510800',3),(53147,'510903','船山区','510900',3),(53148,'510904','安居区','510900',3),(53149,'510921','蓬溪县','510900',3),(53150,'510922','射洪县','510900',3),(53151,'510923','大英县','510900',3),(53152,'511002','市中区','511000',3),(53153,'511011','东兴区','511000',3),(53154,'511024','威远县','511000',3),(53155,'511025','资中县','511000',3),(53156,'511083','隆昌市','511000',3),(53157,'511102','市中区','511100',3),(53158,'511111','沙湾区','511100',3),(53159,'511112','五通桥区','511100',3),(53160,'511113','金口河区','511100',3),(53161,'511123','犍为县','511100',3),(53162,'511124','井研县','511100',3),(53163,'511126','夹江县','511100',3),(53164,'511129','沐川县','511100',3),(53165,'511132','峨边彝族自治县','511100',3),(53166,'511133','马边彝族自治县','511100',3),(53167,'511181','峨眉山市','511100',3),(53168,'511302','顺庆区','511300',3),(53169,'511303','高坪区','511300',3),(53170,'511304','嘉陵区','511300',3),(53171,'511321','南部县','511300',3),(53172,'511322','营山县','511300',3),(53173,'511323','蓬安县','511300',3),(53174,'511324','仪陇县','511300',3),(53175,'511325','西充县','511300',3),(53176,'511381','阆中市','511300',3),(53177,'511402','东坡区','511400',3),(53178,'511403','彭山区','511400',3),(53179,'511421','仁寿县','511400',3),(53180,'511423','洪雅县','511400',3),(53181,'511424','丹棱县','511400',3),(53182,'511425','青神县','511400',3),(53183,'511502','翠屏区','511500',3),(53184,'511503','南溪区','511500',3),(53185,'511521','宜宾县','511500',3),(53186,'511523','江安县','511500',3),(53187,'511524','长宁县','511500',3),(53188,'511525','高县','511500',3),(53189,'511526','珙县','511500',3),(53190,'511527','筠连县','511500',3),(53191,'511528','兴文县','511500',3),(53192,'511529','屏山县','511500',3),(53193,'511602','广安区','511600',3),(53194,'511603','前锋区','511600',3),(53195,'511621','岳池县','511600',3),(53196,'511622','武胜县','511600',3),(53197,'511623','邻水县','511600',3),(53198,'511681','华蓥市','511600',3),(53199,'511702','通川区','511700',3),(53200,'511703','达川区','511700',3),(53201,'511722','宣汉县','511700',3),(53202,'511723','开江县','511700',3),(53203,'511724','大竹县','511700',3),(53204,'511725','渠县','511700',3),(53205,'511781','万源市','511700',3),(53206,'511802','雨城区','511800',3),(53207,'511803','名山区','511800',3),(53208,'511822','荥经县','511800',3),(53209,'511823','汉源县','511800',3),(53210,'511824','石棉县','511800',3),(53211,'511825','天全县','511800',3),(53212,'511826','芦山县','511800',3),(53213,'511827','宝兴县','511800',3),(53214,'511902','巴州区','511900',3),(53215,'511903','恩阳区','511900',3),(53216,'511921','通江县','511900',3),(53217,'511922','南江县','511900',3),(53218,'511923','平昌县','511900',3),(53219,'512002','雁江区','512000',3),(53220,'512021','安岳县','512000',3),(53221,'512022','乐至县','512000',3),(53222,'513201','马尔康市','513200',3),(53223,'513221','汶川县','513200',3),(53224,'513222','理县','513200',3),(53225,'513223','茂县','513200',3),(53226,'513224','松潘县','513200',3),(53227,'513225','九寨沟县','513200',3),(53228,'513226','金川县','513200',3),(53229,'513227','小金县','513200',3),(53230,'513228','黑水县','513200',3),(53231,'513230','壤塘县','513200',3),(53232,'513231','阿坝县','513200',3),(53233,'513232','若尔盖县','513200',3),(53234,'513233','红原县','513200',3),(53235,'513301','康定市','513300',3),(53236,'513322','泸定县','513300',3),(53237,'513323','丹巴县','513300',3),(53238,'513324','九龙县','513300',3),(53239,'513325','雅江县','513300',3),(53240,'513326','道孚县','513300',3),(53241,'513327','炉霍县','513300',3),(53242,'513328','甘孜县','513300',3),(53243,'513329','新龙县','513300',3),(53244,'513330','德格县','513300',3),(53245,'513331','白玉县','513300',3),(53246,'513332','石渠县','513300',3),(53247,'513333','色达县','513300',3),(53248,'513334','理塘县','513300',3),(53249,'513335','巴塘县','513300',3),(53250,'513336','乡城县','513300',3),(53251,'513337','稻城县','513300',3),(53252,'513338','得荣县','513300',3),(53253,'513401','西昌市','513400',3),(53254,'513422','木里藏族自治县','513400',3),(53255,'513423','盐源县','513400',3),(53256,'513424','德昌县','513400',3),(53257,'513425','会理县','513400',3),(53258,'513426','会东县','513400',3),(53259,'513427','宁南县','513400',3),(53260,'513428','普格县','513400',3),(53261,'513429','布拖县','513400',3),(53262,'513430','金阳县','513400',3),(53263,'513431','昭觉县','513400',3),(53264,'513432','喜德县','513400',3),(53265,'513433','冕宁县','513400',3),(53266,'513434','越西县','513400',3),(53267,'513435','甘洛县','513400',3),(53268,'513436','美姑县','513400',3),(53269,'513437','雷波县','513400',3),(53270,'520102','南明区','520100',3),(53271,'520103','云岩区','520100',3),(53272,'520111','花溪区','520100',3),(53273,'520112','乌当区','520100',3),(53274,'520113','白云区','520100',3),(53275,'520115','观山湖区','520100',3),(53276,'520121','开阳县','520100',3),(53277,'520122','息烽县','520100',3),(53278,'520123','修文县','520100',3),(53279,'520181','清镇市','520100',3),(53280,'520201','钟山区','520200',3),(53281,'520203','六枝特区','520200',3),(53282,'520221','水城县','520200',3),(53283,'520281','盘州市','520200',3),(53284,'520302','红花岗区','520300',3),(53285,'520303','汇川区','520300',3),(53286,'520304','播州区','520300',3),(53287,'520322','桐梓县','520300',3),(53288,'520323','绥阳县','520300',3),(53289,'520324','正安县','520300',3),(53290,'520325','道真仡佬族苗族自治县','520300',3),(53291,'520326','务川仡佬族苗族自治县','520300',3),(53292,'520327','凤冈县','520300',3),(53293,'520328','湄潭县','520300',3),(53294,'520329','余庆县','520300',3),(53295,'520330','习水县','520300',3),(53296,'520381','赤水市','520300',3),(53297,'520382','仁怀市','520300',3),(53298,'520402','西秀区','520400',3),(53299,'520403','平坝区','520400',3),(53300,'520422','普定县','520400',3),(53301,'520423','镇宁布依族苗族自治县','520400',3),(53302,'520424','关岭布依族苗族自治县','520400',3),(53303,'520425','紫云苗族布依族自治县','520400',3),(53304,'520502','七星关区','520500',3),(53305,'520521','大方县','520500',3),(53306,'520522','黔西县','520500',3),(53307,'520523','金沙县','520500',3),(53308,'520524','织金县','520500',3),(53309,'520525','纳雍县','520500',3),(53310,'520526','威宁彝族回族苗族自治县','520500',3),(53311,'520527','赫章县','520500',3),(53312,'520602','碧江区','520600',3),(53313,'520603','万山区','520600',3),(53314,'520621','江口县','520600',3),(53315,'520622','玉屏侗族自治县','520600',3),(53316,'520623','石阡县','520600',3),(53317,'520624','思南县','520600',3),(53318,'520625','印江土家族苗族自治县','520600',3),(53319,'520626','德江县','520600',3),(53320,'520627','沿河土家族自治县','520600',3),(53321,'520628','松桃苗族自治县','520600',3),(53322,'522301','兴义市','522300',3),(53323,'522322','兴仁县','522300',3),(53324,'522323','普安县','522300',3),(53325,'522324','晴隆县','522300',3),(53326,'522325','贞丰县','522300',3),(53327,'522326','望谟县','522300',3),(53328,'522327','册亨县','522300',3),(53329,'522328','安龙县','522300',3),(53330,'522601','凯里市','522600',3),(53331,'522622','黄平县','522600',3),(53332,'522623','施秉县','522600',3),(53333,'522624','三穗县','522600',3),(53334,'522625','镇远县','522600',3),(53335,'522626','岑巩县','522600',3),(53336,'522627','天柱县','522600',3),(53337,'522628','锦屏县','522600',3),(53338,'522629','剑河县','522600',3),(53339,'522630','台江县','522600',3),(53340,'522631','黎平县','522600',3),(53341,'522632','榕江县','522600',3),(53342,'522633','从江县','522600',3),(53343,'522634','雷山县','522600',3),(53344,'522635','麻江县','522600',3),(53345,'522636','丹寨县','522600',3),(53346,'522701','都匀市','522700',3),(53347,'522702','福泉市','522700',3),(53348,'522722','荔波县','522700',3),(53349,'522723','贵定县','522700',3),(53350,'522725','瓮安县','522700',3),(53351,'522726','独山县','522700',3),(53352,'522727','平塘县','522700',3),(53353,'522728','罗甸县','522700',3),(53354,'522729','长顺县','522700',3),(53355,'522730','龙里县','522700',3),(53356,'522731','惠水县','522700',3),(53357,'522732','三都水族自治县','522700',3),(53358,'530102','五华区','530100',3),(53359,'530103','盘龙区','530100',3),(53360,'530111','官渡区','530100',3),(53361,'530112','西山区','530100',3),(53362,'530113','东川区','530100',3),(53363,'530114','呈贡区','530100',3),(53364,'530115','晋宁区','530100',3),(53365,'530124','富民县','530100',3),(53366,'530125','宜良县','530100',3),(53367,'530126','石林彝族自治县','530100',3),(53368,'530127','嵩明县','530100',3),(53369,'530128','禄劝彝族苗族自治县','530100',3),(53370,'530129','寻甸回族彝族自治县','530100',3),(53371,'530181','安宁市','530100',3),(53372,'530302','麒麟区','530300',3),(53373,'530303','沾益区','530300',3),(53374,'530321','马龙县','530300',3),(53375,'530322','陆良县','530300',3),(53376,'530323','师宗县','530300',3),(53377,'530324','罗平县','530300',3),(53378,'530325','富源县','530300',3),(53379,'530326','会泽县','530300',3),(53380,'530381','宣威市','530300',3),(53381,'530402','红塔区','530400',3),(53382,'530403','江川区','530400',3),(53383,'530422','澄江县','530400',3),(53384,'530423','通海县','530400',3),(53385,'530424','华宁县','530400',3),(53386,'530425','易门县','530400',3),(53387,'530426','峨山彝族自治县','530400',3),(53388,'530427','新平彝族傣族自治县','530400',3),(53389,'530428','元江哈尼族彝族傣族自治县','530400',3),(53390,'530502','隆阳区','530500',3),(53391,'530521','施甸县','530500',3),(53392,'530523','龙陵县','530500',3),(53393,'530524','昌宁县','530500',3),(53394,'530581','腾冲市','530500',3),(53395,'530602','昭阳区','530600',3),(53396,'530621','鲁甸县','530600',3),(53397,'530622','巧家县','530600',3),(53398,'530623','盐津县','530600',3),(53399,'530624','大关县','530600',3),(53400,'530625','永善县','530600',3),(53401,'530626','绥江县','530600',3),(53402,'530627','镇雄县','530600',3),(53403,'530628','彝良县','530600',3),(53404,'530629','威信县','530600',3),(53405,'530630','水富县','530600',3),(53406,'530702','古城区','530700',3),(53407,'530721','玉龙纳西族自治县','530700',3),(53408,'530722','永胜县','530700',3),(53409,'530723','华坪县','530700',3),(53410,'530724','宁蒗彝族自治县','530700',3),(53411,'530802','思茅区','530800',3),(53412,'530821','宁洱哈尼族彝族自治县','530800',3),(53413,'530822','墨江哈尼族自治县','530800',3),(53414,'530823','景东彝族自治县','530800',3),(53415,'530824','景谷傣族彝族自治县','530800',3),(53416,'530825','镇沅彝族哈尼族拉祜族自治县','530800',3),(53417,'530826','江城哈尼族彝族自治县','530800',3),(53418,'530827','孟连傣族拉祜族佤族自治县','530800',3),(53419,'530828','澜沧拉祜族自治县','530800',3),(53420,'530829','西盟佤族自治县','530800',3),(53421,'530902','临翔区','530900',3),(53422,'530921','凤庆县','530900',3),(53423,'530922','云县','530900',3),(53424,'530923','永德县','530900',3),(53425,'530924','镇康县','530900',3),(53426,'530925','双江拉祜族佤族布朗族傣族自治县','530900',3),(53427,'530926','耿马傣族佤族自治县','530900',3),(53428,'530927','沧源佤族自治县','530900',3),(53429,'532301','楚雄市','532300',3),(53430,'532322','双柏县','532300',3),(53431,'532323','牟定县','532300',3),(53432,'532324','南华县','532300',3),(53433,'532325','姚安县','532300',3),(53434,'532326','大姚县','532300',3),(53435,'532327','永仁县','532300',3),(53436,'532328','元谋县','532300',3),(53437,'532329','武定县','532300',3),(53438,'532331','禄丰县','532300',3),(53439,'532501','个旧市','532500',3),(53440,'532502','开远市','532500',3),(53441,'532503','蒙自市','532500',3),(53442,'532504','弥勒市','532500',3),(53443,'532523','屏边苗族自治县','532500',3),(53444,'532524','建水县','532500',3),(53445,'532525','石屏县','532500',3),(53446,'532527','泸西县','532500',3),(53447,'532528','元阳县','532500',3),(53448,'532529','红河县','532500',3),(53449,'532530','金平苗族瑶族傣族自治县','532500',3),(53450,'532531','绿春县','532500',3),(53451,'532532','河口瑶族自治县','532500',3),(53452,'532601','文山市','532600',3),(53453,'532622','砚山县','532600',3),(53454,'532623','西畴县','532600',3),(53455,'532624','麻栗坡县','532600',3),(53456,'532625','马关县','532600',3),(53457,'532626','丘北县','532600',3),(53458,'532627','广南县','532600',3),(53459,'532628','富宁县','532600',3),(53460,'532801','景洪市','532800',3),(53461,'532822','勐海县','532800',3),(53462,'532823','勐腊县','532800',3),(53463,'532901','大理市','532900',3),(53464,'532922','漾濞彝族自治县','532900',3),(53465,'532923','祥云县','532900',3),(53466,'532924','宾川县','532900',3),(53467,'532925','弥渡县','532900',3),(53468,'532926','南涧彝族自治县','532900',3),(53469,'532927','巍山彝族回族自治县','532900',3),(53470,'532928','永平县','532900',3),(53471,'532929','云龙县','532900',3),(53472,'532930','洱源县','532900',3),(53473,'532931','剑川县','532900',3),(53474,'532932','鹤庆县','532900',3),(53475,'533102','瑞丽市','533100',3),(53476,'533103','芒市','533100',3),(53477,'533122','梁河县','533100',3),(53478,'533123','盈江县','533100',3),(53479,'533124','陇川县','533100',3),(53480,'533301','泸水市','533300',3),(53481,'533323','福贡县','533300',3),(53482,'533324','贡山独龙族怒族自治县','533300',3),(53483,'533325','兰坪白族普米族自治县','533300',3),(53484,'533401','香格里拉市','533400',3),(53485,'533422','德钦县','533400',3),(53486,'533423','维西傈僳族自治县','533400',3),(53487,'540102','城关区','540100',3),(53488,'540103','堆龙德庆区','540100',3),(53489,'540121','林周县','540100',3),(53490,'540122','当雄县','540100',3),(53491,'540123','尼木县','540100',3),(53492,'540124','曲水县','540100',3),(53493,'540126','达孜县','540100',3),(53494,'540127','墨竹工卡县','540100',3),(53495,'540202','桑珠孜区','540200',3),(53496,'540221','南木林县','540200',3),(53497,'540222','江孜县','540200',3),(53498,'540223','定日县','540200',3),(53499,'540224','萨迦县','540200',3),(53500,'540225','拉孜县','540200',3),(53501,'540226','昂仁县','540200',3),(53502,'540227','谢通门县','540200',3),(53503,'540228','白朗县','540200',3),(53504,'540229','仁布县','540200',3),(53505,'540230','康马县','540200',3),(53506,'540231','定结县','540200',3),(53507,'540232','仲巴县','540200',3),(53508,'540233','亚东县','540200',3),(53509,'540234','吉隆县','540200',3),(53510,'540235','聂拉木县','540200',3),(53511,'540236','萨嘎县','540200',3),(53512,'540237','岗巴县','540200',3),(53513,'540302','卡若区','540300',3),(53514,'540321','江达县','540300',3),(53515,'540322','贡觉县','540300',3),(53516,'540323','类乌齐县','540300',3),(53517,'540324','丁青县','540300',3),(53518,'540325','察雅县','540300',3),(53519,'540326','八宿县','540300',3),(53520,'540327','左贡县','540300',3),(53521,'540328','芒康县','540300',3),(53522,'540329','洛隆县','540300',3),(53523,'540330','边坝县','540300',3),(53524,'540402','巴宜区','540400',3),(53525,'540421','工布江达县','540400',3),(53526,'540422','米林县','540400',3),(53527,'540423','墨脱县','540400',3),(53528,'540424','波密县','540400',3),(53529,'540425','察隅县','540400',3),(53530,'540426','朗县','540400',3),(53531,'540502','乃东区','540500',3),(53532,'540521','扎囊县','540500',3),(53533,'540522','贡嘎县','540500',3),(53534,'540523','桑日县','540500',3),(53535,'540524','琼结县','540500',3),(53536,'540525','曲松县','540500',3),(53537,'540526','措美县','540500',3),(53538,'540527','洛扎县','540500',3),(53539,'540528','加查县','540500',3),(53540,'540529','隆子县','540500',3),(53541,'540530','错那县','540500',3),(53542,'540531','浪卡子县','540500',3),(53543,'542421','那曲县','542400',3),(53544,'542422','嘉黎县','542400',3),(53545,'542423','比如县','542400',3),(53546,'542424','聂荣县','542400',3),(53547,'542425','安多县','542400',3),(53548,'542426','申扎县','542400',3),(53549,'542427','索县','542400',3),(53550,'542428','班戈县','542400',3),(53551,'542429','巴青县','542400',3),(53552,'542430','尼玛县','542400',3),(53553,'542431','双湖县','542400',3),(53554,'542521','普兰县','542500',3),(53555,'542522','札达县','542500',3),(53556,'542523','噶尔县','542500',3),(53557,'542524','日土县','542500',3),(53558,'542525','革吉县','542500',3),(53559,'542526','改则县','542500',3),(53560,'542527','措勤县','542500',3),(53561,'610102','新城区','610100',3),(53562,'610103','碑林区','610100',3),(53563,'610104','莲湖区','610100',3),(53564,'610111','灞桥区','610100',3),(53565,'610112','未央区','610100',3),(53566,'610113','雁塔区','610100',3),(53567,'610114','阎良区','610100',3),(53568,'610115','临潼区','610100',3),(53569,'610116','长安区','610100',3),(53570,'610117','高陵区','610100',3),(53571,'610118','鄠邑区','610100',3),(53572,'610122','蓝田县','610100',3),(53573,'610124','周至县','610100',3),(53574,'610202','王益区','610200',3),(53575,'610203','印台区','610200',3),(53576,'610204','耀州区','610200',3),(53577,'610222','宜君县','610200',3),(53578,'610302','渭滨区','610300',3),(53579,'610303','金台区','610300',3),(53580,'610304','陈仓区','610300',3),(53581,'610322','凤翔县','610300',3),(53582,'610323','岐山县','610300',3),(53583,'610324','扶风县','610300',3),(53584,'610326','眉县','610300',3),(53585,'610327','陇县','610300',3),(53586,'610328','千阳县','610300',3),(53587,'610329','麟游县','610300',3),(53588,'610330','凤县','610300',3),(53589,'610331','太白县','610300',3),(53590,'610402','秦都区','610400',3),(53591,'610403','杨陵区','610400',3),(53592,'610404','渭城区','610400',3),(53593,'610422','三原县','610400',3),(53594,'610423','泾阳县','610400',3),(53595,'610424','乾县','610400',3),(53596,'610425','礼泉县','610400',3),(53597,'610426','永寿县','610400',3),(53598,'610427','彬县','610400',3),(53599,'610428','长武县','610400',3),(53600,'610429','旬邑县','610400',3),(53601,'610430','淳化县','610400',3),(53602,'610431','武功县','610400',3),(53603,'610481','兴平市','610400',3),(53604,'610502','临渭区','610500',3),(53605,'610503','华州区','610500',3),(53606,'610522','潼关县','610500',3),(53607,'610523','大荔县','610500',3),(53608,'610524','合阳县','610500',3),(53609,'610525','澄城县','610500',3),(53610,'610526','蒲城县','610500',3),(53611,'610527','白水县','610500',3),(53612,'610528','富平县','610500',3),(53613,'610581','韩城市','610500',3),(53614,'610582','华阴市','610500',3),(53615,'610602','宝塔区','610600',3),(53616,'610603','安塞区','610600',3),(53617,'610621','延长县','610600',3),(53618,'610622','延川县','610600',3),(53619,'610623','子长县','610600',3),(53620,'610625','志丹县','610600',3),(53621,'610626','吴起县','610600',3),(53622,'610627','甘泉县','610600',3),(53623,'610628','富县','610600',3),(53624,'610629','洛川县','610600',3),(53625,'610630','宜川县','610600',3),(53626,'610631','黄龙县','610600',3),(53627,'610632','黄陵县','610600',3),(53628,'610702','汉台区','610700',3),(53629,'610721','南郑县','610700',3),(53630,'610722','城固县','610700',3),(53631,'610723','洋县','610700',3),(53632,'610724','西乡县','610700',3),(53633,'610725','勉县','610700',3),(53634,'610726','宁强县','610700',3),(53635,'610727','略阳县','610700',3),(53636,'610728','镇巴县','610700',3),(53637,'610729','留坝县','610700',3),(53638,'610730','佛坪县','610700',3),(53639,'610802','榆阳区','610800',3),(53640,'610803','横山区','610800',3),(53641,'610822','府谷县','610800',3),(53642,'610824','靖边县','610800',3),(53643,'610825','定边县','610800',3),(53644,'610826','绥德县','610800',3),(53645,'610827','米脂县','610800',3),(53646,'610828','佳县','610800',3),(53647,'610829','吴堡县','610800',3),(53648,'610830','清涧县','610800',3),(53649,'610831','子洲县','610800',3),(53650,'610881','神木市','610800',3),(53651,'610902','汉滨区','610900',3),(53652,'610921','汉阴县','610900',3),(53653,'610922','石泉县','610900',3),(53654,'610923','宁陕县','610900',3),(53655,'610924','紫阳县','610900',3),(53656,'610925','岚皋县','610900',3),(53657,'610926','平利县','610900',3),(53658,'610927','镇坪县','610900',3),(53659,'610928','旬阳县','610900',3),(53660,'610929','白河县','610900',3),(53661,'611002','商州区','611000',3),(53662,'611021','洛南县','611000',3),(53663,'611022','丹凤县','611000',3),(53664,'611023','商南县','611000',3),(53665,'611024','山阳县','611000',3),(53666,'611025','镇安县','611000',3),(53667,'611026','柞水县','611000',3),(53668,'620102','城关区','620100',3),(53669,'620103','七里河区','620100',3),(53670,'620104','西固区','620100',3),(53671,'620105','安宁区','620100',3),(53672,'620111','红古区','620100',3),(53673,'620121','永登县','620100',3),(53674,'620122','皋兰县','620100',3),(53675,'620123','榆中县','620100',3),(53676,'620299','嘉峪关市','620200',3),(53677,'620302','金川区','620300',3),(53678,'620321','永昌县','620300',3),(53679,'620402','白银区','620400',3),(53680,'620403','平川区','620400',3),(53681,'620421','靖远县','620400',3),(53682,'620422','会宁县','620400',3),(53683,'620423','景泰县','620400',3),(53684,'620502','秦州区','620500',3),(53685,'620503','麦积区','620500',3),(53686,'620521','清水县','620500',3),(53687,'620522','秦安县','620500',3),(53688,'620523','甘谷县','620500',3),(53689,'620524','武山县','620500',3),(53690,'620525','张家川回族自治县','620500',3),(53691,'620602','凉州区','620600',3),(53692,'620621','民勤县','620600',3),(53693,'620622','古浪县','620600',3),(53694,'620623','天祝藏族自治县','620600',3),(53695,'620702','甘州区','620700',3),(53696,'620721','肃南裕固族自治县','620700',3),(53697,'620722','民乐县','620700',3),(53698,'620723','临泽县','620700',3),(53699,'620724','高台县','620700',3),(53700,'620725','山丹县','620700',3),(53701,'620802','崆峒区','620800',3),(53702,'620821','泾川县','620800',3),(53703,'620822','灵台县','620800',3),(53704,'620823','崇信县','620800',3),(53705,'620824','华亭县','620800',3),(53706,'620825','庄浪县','620800',3),(53707,'620826','静宁县','620800',3),(53708,'620902','肃州区','620900',3),(53709,'620921','金塔县','620900',3),(53710,'620922','瓜州县','620900',3),(53711,'620923','肃北蒙古族自治县','620900',3),(53712,'620924','阿克塞哈萨克族自治县','620900',3),(53713,'620981','玉门市','620900',3),(53714,'620982','敦煌市','620900',3),(53715,'621002','西峰区','621000',3),(53716,'621021','庆城县','621000',3),(53717,'621022','环县','621000',3),(53718,'621023','华池县','621000',3),(53719,'621024','合水县','621000',3),(53720,'621025','正宁县','621000',3),(53721,'621026','宁县','621000',3),(53722,'621027','镇原县','621000',3),(53723,'621102','安定区','621100',3),(53724,'621121','通渭县','621100',3),(53725,'621122','陇西县','621100',3),(53726,'621123','渭源县','621100',3),(53727,'621124','临洮县','621100',3),(53728,'621125','漳县','621100',3),(53729,'621126','岷县','621100',3),(53730,'621202','武都区','621200',3),(53731,'621221','成县','621200',3),(53732,'621222','文县','621200',3),(53733,'621223','宕昌县','621200',3),(53734,'621224','康县','621200',3),(53735,'621225','西和县','621200',3),(53736,'621226','礼县','621200',3),(53737,'621227','徽县','621200',3),(53738,'621228','两当县','621200',3),(53739,'622901','临夏市','622900',3),(53740,'622921','临夏县','622900',3),(53741,'622922','康乐县','622900',3),(53742,'622923','永靖县','622900',3),(53743,'622924','广河县','622900',3),(53744,'622925','和政县','622900',3),(53745,'622926','东乡族自治县','622900',3),(53746,'622927','积石山保安族东乡族撒拉族自治县','622900',3),(53747,'623001','合作市','623000',3),(53748,'623021','临潭县','623000',3),(53749,'623022','卓尼县','623000',3),(53750,'623023','舟曲县','623000',3),(53751,'623024','迭部县','623000',3),(53752,'623025','玛曲县','623000',3),(53753,'623026','碌曲县','623000',3),(53754,'623027','夏河县','623000',3),(53755,'630102','城东区','630100',3),(53756,'630103','城中区','630100',3),(53757,'630104','城西区','630100',3),(53758,'630105','城北区','630100',3),(53759,'630121','大通回族土族自治县','630100',3),(53760,'630122','湟中县','630100',3),(53761,'630123','湟源县','630100',3),(53762,'630202','乐都区','630200',3),(53763,'630203','平安区','630200',3),(53764,'630222','民和回族土族自治县','630200',3),(53765,'630223','互助土族自治县','630200',3),(53766,'630224','化隆回族自治县','630200',3),(53767,'630225','循化撒拉族自治县','630200',3),(53768,'632221','门源回族自治县','632200',3),(53769,'632222','祁连县','632200',3),(53770,'632223','海晏县','632200',3),(53771,'632224','刚察县','632200',3),(53772,'632321','同仁县','632300',3),(53773,'632322','尖扎县','632300',3),(53774,'632323','泽库县','632300',3),(53775,'632324','河南蒙古族自治县','632300',3),(53776,'632521','共和县','632500',3),(53777,'632522','同德县','632500',3),(53778,'632523','贵德县','632500',3),(53779,'632524','兴海县','632500',3),(53780,'632525','贵南县','632500',3),(53781,'632621','玛沁县','632600',3),(53782,'632622','班玛县','632600',3),(53783,'632623','甘德县','632600',3),(53784,'632624','达日县','632600',3),(53785,'632625','久治县','632600',3),(53786,'632626','玛多县','632600',3),(53787,'632701','玉树市','632700',3),(53788,'632722','杂多县','632700',3),(53789,'632723','称多县','632700',3),(53790,'632724','治多县','632700',3),(53791,'632725','囊谦县','632700',3),(53792,'632726','曲麻莱县','632700',3),(53793,'632801','格尔木市','632800',3),(53794,'632802','德令哈市','632800',3),(53795,'632821','乌兰县','632800',3),(53796,'632822','都兰县','632800',3),(53797,'632823','天峻县','632800',3),(53798,'632824','冷湖行政区','632800',3),(53799,'632825','大柴旦行政区','632800',3),(53800,'632826','茫崖行政区','632800',3),(53801,'640104','兴庆区','640100',3),(53802,'640105','西夏区','640100',3),(53803,'640106','金凤区','640100',3),(53804,'640121','永宁县','640100',3),(53805,'640122','贺兰县','640100',3),(53806,'640181','灵武市','640100',3),(53807,'640202','大武口区','640200',3),(53808,'640205','惠农区','640200',3),(53809,'640221','平罗县','640200',3),(53810,'640302','利通区','640300',3),(53811,'640303','红寺堡区','640300',3),(53812,'640323','盐池县','640300',3),(53813,'640324','同心县','640300',3),(53814,'640381','青铜峡市','640300',3),(53815,'640402','原州区','640400',3),(53816,'640422','西吉县','640400',3),(53817,'640423','隆德县','640400',3),(53818,'640424','泾源县','640400',3),(53819,'640425','彭阳县','640400',3),(53820,'640502','沙坡头区','640500',3),(53821,'640521','中宁县','640500',3),(53822,'640522','海原县','640500',3),(53823,'650102','天山区','650100',3),(53824,'650103','沙依巴克区','650100',3),(53825,'650104','新市区','650100',3),(53826,'650105','水磨沟区','650100',3),(53827,'650106','头屯河区','650100',3),(53828,'650107','达坂城区','650100',3),(53829,'650109','米东区','650100',3),(53830,'650121','乌鲁木齐县','650100',3),(53831,'650202','独山子区','650200',3),(53832,'650203','克拉玛依区','650200',3),(53833,'650204','白碱滩区','650200',3),(53834,'650205','乌尔禾区','650200',3),(53835,'650402','高昌区','650400',3),(53836,'650421','鄯善县','650400',3),(53837,'650422','托克逊县','650400',3),(53838,'650502','伊州区','650500',3),(53839,'650521','巴里坤哈萨克自治县','650500',3),(53840,'650522','伊吾县','650500',3),(53841,'652301','昌吉市','652300',3),(53842,'652302','阜康市','652300',3),(53843,'652323','呼图壁县','652300',3),(53844,'652324','玛纳斯县','652300',3),(53845,'652325','奇台县','652300',3),(53846,'652327','吉木萨尔县','652300',3),(53847,'652328','木垒哈萨克自治县','652300',3),(53848,'652701','博乐市','652700',3),(53849,'652702','阿拉山口市','652700',3),(53850,'652722','精河县','652700',3),(53851,'652723','温泉县','652700',3),(53852,'652801','库尔勒市','652800',3),(53853,'652822','轮台县','652800',3),(53854,'652823','尉犁县','652800',3),(53855,'652824','若羌县','652800',3),(53856,'652825','且末县','652800',3),(53857,'652826','焉耆回族自治县','652800',3),(53858,'652827','和静县','652800',3),(53859,'652828','和硕县','652800',3),(53860,'652829','博湖县','652800',3),(53861,'652901','阿克苏市','652900',3),(53862,'652922','温宿县','652900',3),(53863,'652923','库车县','652900',3),(53864,'652924','沙雅县','652900',3),(53865,'652925','新和县','652900',3),(53866,'652926','拜城县','652900',3),(53867,'652927','乌什县','652900',3),(53868,'652928','阿瓦提县','652900',3),(53869,'652929','柯坪县','652900',3),(53870,'653001','阿图什市','653000',3),(53871,'653022','阿克陶县','653000',3),(53872,'653023','阿合奇县','653000',3),(53873,'653024','乌恰县','653000',3),(53874,'653101','喀什市','653100',3),(53875,'653121','疏附县','653100',3),(53876,'653122','疏勒县','653100',3),(53877,'653123','英吉沙县','653100',3),(53878,'653124','泽普县','653100',3),(53879,'653125','莎车县','653100',3),(53880,'653126','叶城县','653100',3),(53881,'653127','麦盖提县','653100',3),(53882,'653128','岳普湖县','653100',3),(53883,'653129','伽师县','653100',3),(53884,'653130','巴楚县','653100',3),(53885,'653131','塔什库尔干塔吉克自治县','653100',3),(53886,'653201','和田市','653200',3),(53887,'653221','和田县','653200',3),(53888,'653222','墨玉县','653200',3),(53889,'653223','皮山县','653200',3),(53890,'653224','洛浦县','653200',3),(53891,'653225','策勒县','653200',3),(53892,'653226','于田县','653200',3),(53893,'653227','民丰县','653200',3),(53894,'654002','伊宁市','654000',3),(53895,'654003','奎屯市','654000',3),(53896,'654004','霍尔果斯市','654000',3),(53897,'654021','伊宁县','654000',3),(53898,'654022','察布查尔锡伯自治县','654000',3),(53899,'654023','霍城县','654000',3),(53900,'654024','巩留县','654000',3),(53901,'654025','新源县','654000',3),(53902,'654026','昭苏县','654000',3),(53903,'654027','特克斯县','654000',3),(53904,'654028','尼勒克县','654000',3),(53905,'654201','塔城市','654200',3),(53906,'654202','乌苏市','654200',3),(53907,'654221','额敏县','654200',3),(53908,'654223','沙湾县','654200',3),(53909,'654224','托里县','654200',3),(53910,'654225','裕民县','654200',3),(53911,'654226','和布克赛尔蒙古自治县','654200',3),(53912,'654301','阿勒泰市','654300',3),(53913,'654321','布尔津县','654300',3),(53914,'654322','富蕴县','654300',3),(53915,'654323','福海县','654300',3),(53916,'654324','哈巴河县','654300',3),(53917,'654325','青河县','654300',3),(53918,'654326','吉木乃县','654300',3),(53919,'659001001','新城街道','659001',3),(53920,'659001002','向阳街道','659001',3),(53921,'659001003','红山街道','659001',3),(53922,'659001004','老街街道','659001',3),(53923,'659001005','东城街道','659001',3),(53924,'659001100','北泉镇','659001',3),(53925,'659001200','石河子镇','659001',3),(53926,'659001500','兵团一五二团','659001',3),(53927,'659002001','金银川路街道','659002',3),(53928,'659002002','幸福路街道','659002',3),(53929,'659002003','青松路街道','659002',3),(53930,'659002004','南口街道','659002',3),(53931,'659002200','托喀依乡','659002',3),(53932,'659002500','兵团七团','659002',3),(53933,'659002501','兵团八团','659002',3),(53934,'659002503','兵团十团','659002',3),(53935,'659002505','兵团十二团','659002',3),(53936,'659002507','兵团十四团','659002',3),(53937,'659002509','兵团十六团','659002',3),(53938,'659002511','兵团第一师水利水电工程处','659002',3),(53939,'659002513','阿拉尔农场','659002',3),(53940,'659002514','兵团第一师幸福农场','659002',3),(53941,'659002901','兵团二团','659002',3),(53942,'659002902','兵团农一师沙井子水利管理处','659002',3),(53943,'659002964','兵团九团','659002',3),(53944,'659002966','兵团十一团','659002',3),(53945,'659002967','兵团十三团','659002',3),(53946,'659002968','兵团十五团','659002',3),(53947,'659003001','齐干却勒街道','659003',3),(53948,'659003002','前海街道','659003',3),(53949,'659003003','永安坝街道','659003',3),(53950,'659003504','兵团四十四团','659003',3),(53951,'659003509','兵团四十九团','659003',3),(53952,'659003513','兵团五十三团','659003',3),(53953,'659003960','喀拉拜勒镇','659003',3),(53954,'659003964','兵团五十一团','659003',3),(53955,'659003965','兵团五十二团','659003',3),(53956,'659003966','兵团五十团','659003',3),(53957,'659004001','军垦路街道','659004',3),(53958,'659004002','青湖路街道','659004',3),(53959,'659004003','人民路街道','659004',3),(53960,'659004500','兵团一零一团','659004',3),(53961,'659004960','蔡家湖镇','659004',3),(53962,'659004961','梧桐镇','659004',3),(53963,'659005502','兵团一八七团','659005',3),(53964,'659005503','兵团一八八团','659005',3),(53965,'659006501','兵团二十九团','659006',3),(53966,'659006502','农二师三十团','659006',3),(53967,'659007501','兵团八十一团','659007',3),(53968,'659007502','兵团八十四团','659007',3),(53969,'659007504','兵团八十六团','659007',3),(53970,'659007505','兵团八十九团','659007',3),(53971,'659007506','兵团九十团','659007',3),(53972,'659008502','兵团六十七团','659008',3),(53973,'659008503','兵团六十八团','659008',3),(53974,'659008507','兵团六十三团','659008',3),(53975,'659008508','兵团六十四团','659008',3),(53976,'659008509','兵团六十六团','659008',3),(53977,'659009400','兵团一牧场','659009',3),(53978,'659009401','兵团皮山农场','659009',3),(53979,'659009500','兵团四十七团','659009',3),(53980,'659009501','兵团二二四团','659009',3);

/*Table structure for table `db_article` */

DROP TABLE IF EXISTS `db_article`;

CREATE TABLE `db_article` (
  `id` int(11) NOT NULL AUTO_INCREMENT,
  `title` varchar(500) DEFAULT NULL,
  `img_url` varchar(200) DEFAULT NULL,
  `content` text,
  `business_id` int(11) DEFAULT NULL,
  `system` int(11) DEFAULT '0',
  `status` int(11) DEFAULT NULL,
  `create_date` datetime DEFAULT NULL,
  PRIMARY KEY (`id`),
  KEY `business_id` (`business_id`),
  CONSTRAINT `db_article_ibfk_1` FOREIGN KEY (`business_id`) REFERENCES `db_business` (`id`)
) ENGINE=InnoDB AUTO_INCREMENT=70 DEFAULT CHARSET=utf8;

/*Data for the table `db_article` */

insert  into `db_article`(`id`,`title`,`img_url`,`content`,`business_id`,`system`,`status`,`create_date`) values (68,'关于我们','https://lantukeji.oss-accelerate.aliyuncs.com/dcc702b50ab346e39ef7d2b340ec0403.jpeg','关于我们',66,0,1,'2020-07-17 17:59:33'),(69,'联系我们','https://lantukeji.oss-accelerate.aliyuncs.com/59604692ebba4094a9d8ab7e458dd3d1.jpeg','联系我们&nbsp;<span>联系我们&nbsp;</span><span>联系我们&nbsp;</span><span>联系我们&nbsp;</span><span>联系我们&nbsp;</span><span>联系我们&nbsp;</span><span>联系我们&nbsp;</span><span>联系我们&nbsp;</span><span>联系我们&nbsp;</span><span>联系我们&nbsp;</span><span>联系我们&nbsp;</span><span>联系我们&nbsp;</span><span>联系我们&nbsp;</span><span>联系我们&nbsp;</span><span>联系我们&nbsp;</span><span>联系我们&nbsp;</span><span>联系我们&nbsp;</span><span>联系我们&nbsp;</span><span>联系我们&nbsp;</span><span>联系我们&nbsp;</span><span>联系我们&nbsp;</span><span>联系我们&nbsp;</span><span>联系我们&nbsp;</span><span>联系我们&nbsp;</span><span>联系我们&nbsp;</span><span>联系我们&nbsp;</span><span>联系我们&nbsp;</span><span>联系我们&nbsp;</span><span>联系我们&nbsp;</span><span>联系我们&nbsp;</span><span>联系我们&nbsp;</span><span>联系我们&nbsp;</span><span>联系我们&nbsp;</span>联系我们&nbsp;<span>联系我们&nbsp;</span><span>联系我们&nbsp;</span><span>联系我们&nbsp;</span><span>联系我们&nbsp;</span><span>联系我们&nbsp;</span><span>联系我们&nbsp;</span><span>联系我们&nbsp;</span><span>联系我们&nbsp;</span><span>联系我们&nbsp;</span><span>联系我们&nbsp;</span>联系我们&nbsp;<span>联系我们&nbsp;</span><span>联系我们&nbsp;</span><span>联系我们&nbsp;</span><span>联系我们&nbsp;</span><span>联系我们&nbsp;</span><span>联系我们&nbsp;</span><span>联系我们&nbsp;</span>联系我们&nbsp;<span>联系我们&nbsp;</span><span>联系我们&nbsp;</span>联系我们&nbsp;<span>联系我们&nbsp;</span>联系我们&nbsp;<span>联系我们&nbsp;</span><span>联系我们&nbsp;</span>联系我们&nbsp;<span>联系我们&nbsp;</span>联系我们&nbsp;<span>联系我们&nbsp;</span>联系我们 联系我们&nbsp;<span>联系我们&nbsp;</span>联系我们 联系我们&nbsp;<span>联系我们&nbsp;</span>联系我们 联系我们&nbsp;<span>联系我们&nbsp;</span><span>联系我们&nbsp;</span>联系我们&nbsp;<span>联系我们&nbsp;</span>联系我们&nbsp;<span>联系我们&nbsp;</span>联系我们 联系我们&nbsp;<span>联系我们&nbsp;</span>联系我们&nbsp;<span>联系我们&nbsp;</span>联系我们 联系我们 联系我们&nbsp;<span>联系我们&nbsp;</span>联系我们 联系我们&nbsp;<span>联系我们&nbsp;</span>联系我们 联系我们 联系我们&nbsp;<span>联系我们&nbsp;</span>联系我们 联系我们 联系我们 联系我们&nbsp;',66,0,1,'2020-07-17 17:59:42');

/*Table structure for table `db_business` */

DROP TABLE IF EXISTS `db_business`;

CREATE TABLE `db_business` (
  `id` int(11) NOT NULL AUTO_INCREMENT,
  `code` varchar(200) DEFAULT NULL,
  `title` varchar(200) DEFAULT NULL,
  `name` varchar(200) DEFAULT NULL,
  `telephone` varchar(200) DEFAULT NULL,
  `authorize_status` int(11) DEFAULT '0',
  `code_status` int(11) DEFAULT NULL,
  `code_reason` varchar(5000) DEFAULT NULL,
  `code_version` varchar(200) DEFAULT NULL,
  `code_auditid` varchar(200) DEFAULT NULL,
  `template_id_paidui` varchar(200) DEFAULT NULL,
  `fuwushang` int(11) DEFAULT '0',
  `shenhe` int(11) DEFAULT '0',
  `status` int(11) DEFAULT NULL,
  `create_date` datetime DEFAULT NULL,
  `invalid_date` datetime DEFAULT NULL,
  PRIMARY KEY (`id`)
) ENGINE=InnoDB AUTO_INCREMENT=67 DEFAULT CHARSET=utf8 ROW_FORMAT=DYNAMIC;

/*Data for the table `db_business` */

insert  into `db_business`(`id`,`code`,`title`,`name`,`telephone`,`authorize_status`,`code_status`,`code_reason`,`code_version`,`code_auditid`,`template_id_paidui`,`fuwushang`,`shenhe`,`status`,`create_date`,`invalid_date`) values (66,'22120723215808525','醉得意','刘波','15689730297',0,NULL,NULL,NULL,NULL,NULL,0,1,1,'2022-12-07 23:21:58','2022-12-14 00:00:00');

/*Table structure for table `db_business_admin` */

DROP TABLE IF EXISTS `db_business_admin`;

CREATE TABLE `db_business_admin` (
  `id` int(11) NOT NULL AUTO_INCREMENT,
  `name` varchar(200) DEFAULT NULL,
  `email` varchar(200) DEFAULT NULL,
  `password` varchar(200) DEFAULT NULL,
  `business_id` int(11) DEFAULT NULL,
  `type` int(11) DEFAULT '1',
  `status` int(11) DEFAULT '1',
  `create_date` datetime DEFAULT NULL,
  PRIMARY KEY (`id`),
  KEY `business_id` (`business_id`),
  CONSTRAINT `db_business_admin_ibfk_1` FOREIGN KEY (`business_id`) REFERENCES `db_business` (`id`)
) ENGINE=InnoDB AUTO_INCREMENT=39 DEFAULT CHARSET=utf8 ROW_FORMAT=DYNAMIC;

/*Data for the table `db_business_admin` */

insert  into `db_business_admin`(`id`,`name`,`email`,`password`,`business_id`,`type`,`status`,`create_date`) values (38,'超级管理员','15689730297','8b9ef712828c465686613d39f01b6669',66,1,1,'2022-12-07 23:21:58');

/*Table structure for table `db_business_admin_menu` */

DROP TABLE IF EXISTS `db_business_admin_menu`;

CREATE TABLE `db_business_admin_menu` (
  `id` int(11) NOT NULL AUTO_INCREMENT,
  `business_admin_id` int(11) DEFAULT NULL,
  `business_menu_id` int(11) DEFAULT NULL,
  `create_date` datetime DEFAULT NULL,
  PRIMARY KEY (`id`),
  KEY `business_admin_id` (`business_admin_id`),
  KEY `business_menu_id` (`business_menu_id`),
  CONSTRAINT `db_business_admin_menu_ibfk_1` FOREIGN KEY (`business_admin_id`) REFERENCES `db_business_admin` (`id`),
  CONSTRAINT `db_business_admin_menu_ibfk_2` FOREIGN KEY (`business_menu_id`) REFERENCES `db_business_menu` (`id`)
) ENGINE=InnoDB AUTO_INCREMENT=89 DEFAULT CHARSET=utf8;

/*Data for the table `db_business_admin_menu` */

insert  into `db_business_admin_menu`(`id`,`business_admin_id`,`business_menu_id`,`create_date`) values (78,38,1,'2022-12-07 23:21:58'),(79,38,2,'2022-12-07 23:21:58'),(80,38,3,'2022-12-07 23:21:58'),(81,38,11,'2022-12-07 23:21:58'),(82,38,4,'2022-12-07 23:21:58'),(83,38,5,'2022-12-07 23:21:58'),(84,38,6,'2022-12-07 23:21:58'),(85,38,7,'2022-12-07 23:21:58'),(86,38,8,'2022-12-07 23:21:58'),(87,38,12,'2022-12-07 23:21:58'),(88,38,10,'2022-12-07 23:21:58');

/*Table structure for table `db_business_authorizer` */

DROP TABLE IF EXISTS `db_business_authorizer`;

CREATE TABLE `db_business_authorizer` (
  `id` int(11) NOT NULL AUTO_INCREMENT,
  `business_id` int(11) DEFAULT NULL,
  `appid` varchar(200) DEFAULT NULL,
  `access_token` varchar(200) DEFAULT NULL,
  `refresh_token` varchar(200) DEFAULT NULL,
  `create_date` datetime DEFAULT NULL,
  PRIMARY KEY (`id`),
  KEY `business_id` (`business_id`),
  CONSTRAINT `db_business_authorizer_ibfk_1` FOREIGN KEY (`business_id`) REFERENCES `db_business` (`id`)
) ENGINE=InnoDB AUTO_INCREMENT=4 DEFAULT CHARSET=utf8;

/*Data for the table `db_business_authorizer` */

/*Table structure for table `db_business_license` */

DROP TABLE IF EXISTS `db_business_license`;

CREATE TABLE `db_business_license` (
  `id` int(11) NOT NULL AUTO_INCREMENT,
  `business_id` int(11) DEFAULT NULL,
  `appid` varchar(200) DEFAULT NULL,
  `appsecret` varchar(200) DEFAULT NULL,
  `partner` varchar(200) DEFAULT NULL,
  `partnerkey` varchar(200) DEFAULT NULL,
  `license` varchar(200) DEFAULT NULL,
  `alipay_appid` varchar(200) DEFAULT NULL,
  `alipay_pid` varchar(200) DEFAULT NULL,
  `alipay_privateKey` varchar(2000) DEFAULT NULL,
  `alipay_publicKey` varchar(2000) DEFAULT NULL,
  PRIMARY KEY (`id`),
  KEY `business_id` (`business_id`),
  CONSTRAINT `db_business_license_ibfk_1` FOREIGN KEY (`business_id`) REFERENCES `db_business` (`id`)
) ENGINE=InnoDB AUTO_INCREMENT=8 DEFAULT CHARSET=utf8;

/*Data for the table `db_business_license` */

insert  into `db_business_license`(`id`,`business_id`,`appid`,`appsecret`,`partner`,`partnerkey`,`license`,`alipay_appid`,`alipay_pid`,`alipay_privateKey`,`alipay_publicKey`) values (7,66,'wxb471855023a7e717','f2cd631810a75bce52bf911c4603083c',NULL,NULL,NULL,NULL,NULL,NULL,NULL);

/*Table structure for table `db_business_menu` */

DROP TABLE IF EXISTS `db_business_menu`;

CREATE TABLE `db_business_menu` (
  `id` int(11) NOT NULL AUTO_INCREMENT,
  `title` varchar(200) DEFAULT NULL,
  `url` varchar(200) DEFAULT NULL,
  `icon` varchar(200) DEFAULT NULL,
  `idx` int(11) DEFAULT NULL,
  `create_date` datetime DEFAULT NULL,
  PRIMARY KEY (`id`)
) ENGINE=InnoDB AUTO_INCREMENT=13 DEFAULT CHARSET=utf8;

/*Data for the table `db_business_menu` */

insert  into `db_business_menu`(`id`,`title`,`url`,`icon`,`idx`,`create_date`) values (1,'堂食订单','/business/tangshi','left_icon app-sidebar__icon--order',1,'2020-07-17 09:14:38'),(2,'外卖订单','/business/takeaway','left_icon left_waimai_icon',11,'2020-07-17 09:14:38'),(3,'预约订单','/business/appointment','left_icon left_yuyue_icon',21,'2020-07-17 09:14:38'),(4,'排队取号','/business/paidui','left_icon left_paidui_icon',31,'2020-07-17 09:14:38'),(5,'预约桌位','/business/yuyuezhuowei','left_icon left_zhuowei_icon',41,'2020-07-17 09:14:38'),(6,'菜品管理','/business/dishes','left_icon app-sidebar__icon--goods_cai',51,'2020-07-17 09:14:38'),(7,'门店管理','/business/shop','left_icon app-sidebar__icon--plugin',61,'2020-07-17 09:14:38'),(8,'订单满减','/business/coupon','left_icon manjian_left_icon',71,'2020-07-17 09:14:38'),(10,'会员管理','/business/user','left_icon app-sidebar__icon--scrm',99,'2020-07-17 09:14:38'),(11,'充值订单','/business/charge','left_icon left_chongzhi_icon',25,'2020-07-17 09:14:38'),(12,'管理中心','/business/article','left_icon left_super_icon',91,'2020-07-17 14:13:40');

/*Table structure for table `db_business_renew` */

DROP TABLE IF EXISTS `db_business_renew`;

CREATE TABLE `db_business_renew` (
  `id` int(11) NOT NULL AUTO_INCREMENT,
  `code` varchar(200) DEFAULT NULL,
  `payment` int(11) DEFAULT NULL,
  `admin_goods_id` int(11) DEFAULT NULL,
  `admin_goods_title` char(200) DEFAULT NULL,
  `subtotal` float DEFAULT NULL,
  `business_id` int(11) DEFAULT NULL,
  `status` int(11) DEFAULT '0',
  `create_date` datetime DEFAULT NULL,
  PRIMARY KEY (`id`),
  KEY `admin_goods_id` (`admin_goods_id`),
  KEY `business_id` (`business_id`),
  CONSTRAINT `db_business_renew_ibfk_1` FOREIGN KEY (`admin_goods_id`) REFERENCES `db_admin_goods` (`id`),
  CONSTRAINT `db_business_renew_ibfk_2` FOREIGN KEY (`business_id`) REFERENCES `db_business` (`id`)
) ENGINE=InnoDB AUTO_INCREMENT=37 DEFAULT CHARSET=utf8;

/*Data for the table `db_business_renew` */

/*Table structure for table `db_carousel` */

DROP TABLE IF EXISTS `db_carousel`;

CREATE TABLE `db_carousel` (
  `id` int(11) NOT NULL AUTO_INCREMENT,
  `title` varchar(200) DEFAULT NULL,
  `img_url` varchar(200) DEFAULT NULL,
  `idx` int(11) DEFAULT NULL,
  `article_id` int(11) DEFAULT NULL,
  `business_id` int(11) DEFAULT NULL,
  `status` int(11) DEFAULT NULL,
  `create_date` datetime DEFAULT NULL,
  PRIMARY KEY (`id`),
  KEY `article_id` (`article_id`),
  KEY `business_id` (`business_id`),
  CONSTRAINT `db_carousel_ibfk_3` FOREIGN KEY (`article_id`) REFERENCES `db_article` (`id`),
  CONSTRAINT `db_carousel_ibfk_4` FOREIGN KEY (`business_id`) REFERENCES `db_business` (`id`)
) ENGINE=InnoDB AUTO_INCREMENT=3 DEFAULT CHARSET=utf8;

/*Data for the table `db_carousel` */

/*Table structure for table `db_coupon` */

DROP TABLE IF EXISTS `db_coupon`;

CREATE TABLE `db_coupon` (
  `id` int(11) NOT NULL AUTO_INCREMENT,
  `title` varchar(2000) DEFAULT NULL,
  `total_account` float DEFAULT NULL,
  `derate_account` float DEFAULT NULL,
  `shop_id` int(11) DEFAULT NULL,
  `business_id` int(11) DEFAULT NULL,
  `status` int(11) DEFAULT NULL,
  `create_date` datetime DEFAULT NULL,
  PRIMARY KEY (`id`),
  KEY `shop_id` (`shop_id`),
  KEY `business_id` (`business_id`),
  CONSTRAINT `db_coupon_ibfk_1` FOREIGN KEY (`shop_id`) REFERENCES `db_shop` (`id`),
  CONSTRAINT `db_coupon_ibfk_2` FOREIGN KEY (`business_id`) REFERENCES `db_business` (`id`)
) ENGINE=InnoDB AUTO_INCREMENT=53 DEFAULT CHARSET=utf8;

/*Data for the table `db_coupon` */

insert  into `db_coupon`(`id`,`title`,`total_account`,`derate_account`,`shop_id`,`business_id`,`status`,`create_date`) values (46,'满0.1减0.05',0.1,0.05,68,66,1,'2020-07-17 18:09:55'),(47,'满0.2减0.1',0.2,0.1,68,66,1,'2020-07-17 18:10:08'),(48,'满50减20',50,20,68,66,1,'2020-07-31 14:46:36'),(49,'满100减30',100,30,68,66,1,'2020-08-05 17:28:26'),(50,'满200减50',200,50,68,66,1,'2020-08-05 17:28:39'),(51,'满1000减200',1000,150,68,66,1,'2020-08-13 17:46:21'),(52,'满2000减500',3000,200,68,66,0,'2020-08-13 17:46:44');

/*Table structure for table `db_dishes` */

DROP TABLE IF EXISTS `db_dishes`;

CREATE TABLE `db_dishes` (
  `id` int(11) NOT NULL AUTO_INCREMENT,
  `code` varchar(200) DEFAULT NULL,
  `title` varchar(200) DEFAULT NULL,
  `img_url` varchar(200) DEFAULT NULL,
  `remark` varchar(2000) DEFAULT NULL,
  `price` float DEFAULT NULL,
  `dishes_type_id` int(11) DEFAULT NULL,
  `sale_number` int(11) DEFAULT NULL,
  `shuxing_number` int(11) DEFAULT '1',
  `shuxing_1` varchar(200) DEFAULT NULL,
  `shuxing_2` varchar(200) DEFAULT NULL,
  `shuxing_3` varchar(200) DEFAULT NULL,
  `top` int(11) DEFAULT '0',
  `hot` int(11) DEFAULT '0',
  `parent_dishes_id` int(11) DEFAULT NULL,
  `shop_id` int(11) DEFAULT NULL,
  `business_id` int(11) DEFAULT NULL,
  `display` int(11) DEFAULT NULL,
  `status` int(11) DEFAULT NULL,
  `create_date` datetime DEFAULT NULL,
  PRIMARY KEY (`id`),
  KEY `type_id` (`dishes_type_id`),
  KEY `shop_id` (`shop_id`),
  KEY `business_id` (`business_id`),
  KEY `parent_dishes_id` (`parent_dishes_id`),
  CONSTRAINT `db_dishes_ibfk_1` FOREIGN KEY (`dishes_type_id`) REFERENCES `db_dishes_type` (`id`),
  CONSTRAINT `db_dishes_ibfk_2` FOREIGN KEY (`shop_id`) REFERENCES `db_shop` (`id`),
  CONSTRAINT `db_dishes_ibfk_3` FOREIGN KEY (`business_id`) REFERENCES `db_business` (`id`),
  CONSTRAINT `db_dishes_ibfk_4` FOREIGN KEY (`parent_dishes_id`) REFERENCES `db_dishes` (`id`)
) ENGINE=InnoDB AUTO_INCREMENT=166 DEFAULT CHARSET=utf8;

/*Data for the table `db_dishes` */

insert  into `db_dishes`(`id`,`code`,`title`,`img_url`,`remark`,`price`,`dishes_type_id`,`sale_number`,`shuxing_number`,`shuxing_1`,`shuxing_2`,`shuxing_3`,`top`,`hot`,`parent_dishes_id`,`shop_id`,`business_id`,`display`,`status`,`create_date`) values (145,'67752','爆炒腰花','/static/image/20221208/505e1f6d745945f991f8f10e44f145f3.jpeg','爆炒腰花，为山东省特色传统名菜，是以猪腰为主料的家常菜，属鲁菜系。制作时以猪腰、荸荠等为主料，成品鲜嫩，味道醇厚，滑润不腻；具有较高的营养价值',65,128,0,1,'默认','默认','默认',1,1,NULL,NULL,66,1,1,'2022-12-08 12:27:37'),(146,'95236','山东豆腐箱','/static/image/20221208/b6a703482ddf41149176d2bd70144964.jpeg','豆腐箱又名山东豆腐箱，齐国豆腐箱、是山东省淄博市的传统名菜，属于鲁菜系。主要原料是豆腐，相传清乾隆帝南巡时，曾“临幸”博山，招待用膳时，上有豆腐箱这道菜，乾隆食后赞不绝口。口感细腻，浓香满口，皮韧馅嫩，回味无穷。其香其美，是语言和文字表达不出来的。',30,137,0,1,'默认','默认','默认',1,1,NULL,NULL,66,1,1,'2022-12-08 12:28:35'),(147,'34456','徽州臭鳜鱼','/static/image/20221208/163f85a20bf34322a2a48578f33dab06.jpeg','徽州臭鳜鱼，徽州水产类传统名菜。俗名“臭鳜鱼”，制法独特，食而得异香，鱼鳃是红色，鳞不脱，质未变，只是表皮散发出一种似臭非臭的特殊气味，但是洗净后经热油稍煎，细火烹调后，非但无臭味，反而鲜香无比，成为脍炙人口的佳肴延续下来，盛誉不衰',88,128,0,1,'默认','默认','默认',1,1,NULL,NULL,66,1,1,'2022-12-08 12:29:19'),(148,'63560','葱烧海参','/static/image/20221208/2029d8262f584fccaae055e785210049.jpeg','葱烧海参是山东省胶东地区（指烟台、青岛等地）的一道特色名菜，属于鲁菜系，是鲁菜代表菜之一。该菜品发源自烟台福山菜，以水发海参和大葱为主料，其海参清鲜，柔软香滑，葱段香浓，食后无余汁。是“古今八珍”之一，葱香味醇，营养丰富，滋肺补肾。',66,128,0,1,'默认','默认','默认',1,1,NULL,NULL,66,1,1,'2022-12-08 12:30:04'),(149,'16592','氽西施舌','/static/image/20221208/cd096ec5ce93405486da45d1fd8bf3eb.jpeg','氽西施舌，山东传统名菜。西施舌为胶南、日照沿海一带所产，肉质洁白细嫩，舌状，营养丰富，味极鲜美，属海味上品',40,128,0,1,'默认','默认','默认',1,1,NULL,NULL,66,1,1,'2022-12-08 12:30:36'),(150,'22748','脆皮烧鹅','/static/image/20221208/07620120724a4aeeab93e6585153f254.jpeg','脆皮烧鹅是广东广州最知名的菜品之一，口感鲜香，属于粤菜系，在清光绪年间的《广州竹枝词》中记载：“挂炉烤鸭美而香，却胜烧鹅说古冈（今新会），燕瘦环肥各佳妙，君休偏重便宜坊”',78,128,0,1,'默认','默认','默认',1,1,NULL,NULL,66,1,1,'2022-12-08 12:31:06'),(151,'48966','京酱肉丝','/static/image/20221208/79fad4f3e7014d3394115cab2287e730.jpeg','京酱肉丝是北京市的一道著名小吃；该菜品在制作时选用猪瘦肉为主料，辅以甜面酱、葱、姜及其它调料，用北方特有烹调技法“六爆”之一的“酱爆”烹制而成。成菜后，咸甜适中，酱香浓郁，风味独特。',50,128,0,1,'默认','默认','默认',1,1,NULL,NULL,66,1,1,'2022-12-08 12:31:39'),(152,'14646','九转大肠','/static/image/20221208/35fc52aa936a4877b785b915970406ab.jpeg','九转大肠（Braised intestines in brown sauce），是中国山东省济南市的传统名菜。九转大肠是以猪大肠为主料，加以葱、姜、芫荽等配料，通过煮、烧等烹饪技法制作而成，成菜后，酸、甜、香、辣、咸五味俱全，色泽红润，质地软嫩。',88,128,0,1,'默认','默认','默认',1,1,NULL,NULL,66,1,1,'2022-12-08 12:32:15'),(153,'41508','四喜丸子','/static/image/20221208/25697eec2d9146db9bcedf0c07dc8943.jpeg','四喜丸子，是经典的中国传统名菜之一，属于鲁菜菜系。由四个色、香、味俱佳的肉丸组成，寓人生福、禄、寿、喜四大喜事。常用于喜宴、寿宴等宴席中的压轴菜，以取其吉祥之意。',40,128,0,1,'默认','默认','默认',1,1,NULL,NULL,66,1,1,'2022-12-08 12:33:29'),(154,'44178','毛血旺','/static/image/20221208/5f2755216fbc44a18a4ffa9c736c42a0.jpeg','毛血旺以鸭血为制作主料，烹饪技巧以煮菜为主，口味属于麻辣味。其起源于重庆，流行于西南地区，是一道著名的传统菜式，这道菜是将生血旺现烫现吃，且毛肚杂碎为主料，遂得名。',45,128,0,1,'默认','默认','默认',1,1,NULL,NULL,66,1,1,'2022-12-08 12:34:13'),(165,'96042','爆炒腰花','/static/image/20221208/505e1f6d745945f991f8f10e44f145f3.jpeg','爆炒腰花，为山东省特色传统名菜，是以猪腰为主料的家常菜，属鲁菜系。制作时以猪腰、荸荠等为主料，成品鲜嫩，味道醇厚，滑润不腻；具有较高的营养价值',65,128,0,1,'默认','默认','默认',1,1,145,69,66,1,1,'2022-12-08 16:41:11');

/*Table structure for table `db_dishes_format` */

DROP TABLE IF EXISTS `db_dishes_format`;

CREATE TABLE `db_dishes_format` (
  `id` int(11) NOT NULL AUTO_INCREMENT,
  `title_1` varchar(200) DEFAULT NULL,
  `title_2` varchar(200) DEFAULT NULL,
  `title_3` varchar(200) DEFAULT NULL,
  `price` float DEFAULT NULL,
  `stock` int(11) DEFAULT NULL,
  `dishes_id` int(11) DEFAULT NULL,
  `create_date` datetime DEFAULT NULL,
  PRIMARY KEY (`id`),
  KEY `dishes_id` (`dishes_id`),
  CONSTRAINT `db_dishes_format_ibfk_1` FOREIGN KEY (`dishes_id`) REFERENCES `db_dishes` (`id`)
) ENGINE=InnoDB AUTO_INCREMENT=205 DEFAULT CHARSET=utf8;

/*Data for the table `db_dishes_format` */

insert  into `db_dishes_format`(`id`,`title_1`,`title_2`,`title_3`,`price`,`stock`,`dishes_id`,`create_date`) values (193,'默认','默认','默认',65,NULL,145,'2022-12-08 12:27:53'),(195,'默认','默认','默认',88,NULL,147,'2022-12-08 12:29:19'),(196,'默认','默认','默认',66,NULL,148,'2022-12-08 12:30:04'),(197,'默认','默认','默认',40,NULL,149,'2022-12-08 12:30:36'),(198,'默认','默认','默认',78,NULL,150,'2022-12-08 12:31:06'),(199,'默认','默认','默认',50,NULL,151,'2022-12-08 12:31:39'),(200,'默认','默认','默认',88,NULL,152,'2022-12-08 12:32:15'),(201,'默认','默认','默认',40,NULL,153,'2022-12-08 12:33:29'),(202,'默认','默认','默认',45,NULL,154,'2022-12-08 12:34:13'),(203,'默认','默认','默认',30,NULL,146,'2022-12-08 12:34:38'),(204,'默认','默认','默认',65,40,165,'2022-12-08 16:41:11');

/*Table structure for table `db_dishes_type` */

DROP TABLE IF EXISTS `db_dishes_type`;

CREATE TABLE `db_dishes_type` (
  `id` int(11) NOT NULL AUTO_INCREMENT,
  `title` varchar(200) DEFAULT NULL,
  `idx` int(11) DEFAULT NULL,
  `business_id` int(11) DEFAULT NULL,
  `status` int(11) DEFAULT NULL,
  `create_date` datetime DEFAULT NULL,
  PRIMARY KEY (`id`),
  KEY `business_id` (`business_id`),
  CONSTRAINT `db_dishes_type_ibfk_1` FOREIGN KEY (`business_id`) REFERENCES `db_business` (`id`)
) ENGINE=InnoDB AUTO_INCREMENT=140 DEFAULT CHARSET=utf8;

/*Data for the table `db_dishes_type` */

insert  into `db_dishes_type`(`id`,`title`,`idx`,`business_id`,`status`,`create_date`) values (128,'热菜',1,66,1,'2020-07-17 18:05:52'),(129,'凉菜',2,66,1,'2020-07-17 18:06:02'),(130,'酒水',3,66,1,'2020-07-17 18:06:10'),(131,'面食',4,66,1,'2020-07-17 18:06:22'),(132,'热菜',1,66,9,'2020-07-25 11:32:34'),(135,'面食食',7,66,9,'2020-07-29 15:10:13'),(137,'素菜',8,66,1,'2020-08-10 16:20:30');

/*Table structure for table `db_key_value` */

DROP TABLE IF EXISTS `db_key_value`;

CREATE TABLE `db_key_value` (
  `id` int(11) NOT NULL AUTO_INCREMENT,
  `attr_key` varchar(200) DEFAULT NULL,
  `attr_value` varchar(200) DEFAULT NULL,
  `create_date` datetime DEFAULT NULL,
  PRIMARY KEY (`id`)
) ENGINE=InnoDB AUTO_INCREMENT=5 DEFAULT CHARSET=utf8;

/*Data for the table `db_key_value` */

insert  into `db_key_value`(`id`,`attr_key`,`attr_value`,`create_date`) values (1,'component_verify_ticket','ticket@@@19gQHQse0UXwP7qlSSpn-fPM_tlJTU15p3-NKHKDUng9JlzxjiYmLmkKGMxm12a3PgWSO5YM8C0SaGx1M8M82A','2017-01-01 00:00:00'),(2,'component_access_token','36__b39S4-j-jhdytQbYiZm_BzjEMG12bDmCE0QoOD-9ERRV0a8ie5yC22dlrUTXR08bCwRhYX8djLX7WdNX9hG8Yn8YMRUXehuZ6x5fyUvgUSPdKoTiXqTS7M9fA9d9Ch5-8mf3cXeQ9qYsQ1vMEXfADAYQJ','2020-08-26 12:44:09'),(3,'template_id','5','2017-01-01 00:00:00'),(4,'template_version','1.0.8','2017-01-01 00:00:00');

/*Table structure for table `db_menu` */

DROP TABLE IF EXISTS `db_menu`;

CREATE TABLE `db_menu` (
  `id` int(11) NOT NULL AUTO_INCREMENT,
  `title` varchar(200) DEFAULT NULL,
  `url` varchar(200) DEFAULT NULL,
  `icon` varchar(200) DEFAULT NULL,
  `idx` int(11) DEFAULT NULL,
  `create_date` datetime DEFAULT NULL,
  PRIMARY KEY (`id`)
) ENGINE=InnoDB AUTO_INCREMENT=41 DEFAULT CHARSET=utf8;

/*Data for the table `db_menu` */

insert  into `db_menu`(`id`,`title`,`url`,`icon`,`idx`,`create_date`) values (20,'堂食订单','/admin/tangshi','/admin/images/2.png',1,'2018-01-29 11:50:23'),(21,'外卖订单','/admin/takeaway','/admin/images/3.png',11,'2018-01-29 11:50:25'),(22,'菜品管理','/admin/dishes','/admin/images/8.png',31,'2018-01-29 11:50:25'),(23,'会员管理','/admin/user','/admin/images/13.png',151,'2018-01-29 11:50:26'),(24,'内容管理','/admin/article','/admin/images/12.png',131,'2018-01-29 11:50:27'),(25,'商家管理','/admin/business','/admin/images/9.png',61,'2018-01-29 11:50:28'),(27,'充值订单','/admin/charge','/admin/images/5.png',23,'2018-01-29 11:50:30'),(28,'商家续费','/admin/renew','/admin/images/11.png',111,'2018-01-29 11:50:31'),(37,'门店管理','/admin/shop','/admin/images/10.png',71,'2018-01-29 11:50:28'),(38,'预约订单','/admin/appointment','/admin/images/4.png',21,'2018-01-29 11:50:25'),(39,'排队取号','/admin/paidui','/admin/images/6.png',25,'2018-01-29 11:50:25'),(40,'预约桌位','/admin/yuyuezhuowei','/admin/images/7.png',29,'2018-01-29 11:50:25');

/*Table structure for table `db_mobile_token` */

DROP TABLE IF EXISTS `db_mobile_token`;

CREATE TABLE `db_mobile_token` (
  `id` int(11) NOT NULL AUTO_INCREMENT,
  `mobile` varchar(200) DEFAULT NULL,
  `token` varchar(200) DEFAULT NULL,
  `create_date` datetime DEFAULT NULL,
  PRIMARY KEY (`id`)
) ENGINE=InnoDB DEFAULT CHARSET=utf8;

/*Data for the table `db_mobile_token` */

/*Table structure for table `db_notice` */

DROP TABLE IF EXISTS `db_notice`;

CREATE TABLE `db_notice` (
  `id` int(11) NOT NULL AUTO_INCREMENT,
  `title` varchar(500) DEFAULT NULL,
  `img_url` varchar(500) DEFAULT NULL,
  `content` text,
  `status` int(11) DEFAULT NULL,
  `create_date` datetime DEFAULT NULL,
  PRIMARY KEY (`id`)
) ENGINE=InnoDB AUTO_INCREMENT=5 DEFAULT CHARSET=utf8;

/*Data for the table `db_notice` */

insert  into `db_notice`(`id`,`title`,`img_url`,`content`,`status`,`create_date`) values (1,'平台公告一','https://lantukeji.oss-accelerate.aliyuncs.com/697ca54f7fff40e2ba06fa9b86864922.jpeg','平台公告一',1,'2020-07-17 18:01:12'),(2,'平台公告二','https://lantukeji.oss-accelerate.aliyuncs.com/8370734d2dcb4e838309a9db5f547a6e.jpeg','平台公告二',1,'2020-07-17 18:01:34'),(3,'测试平台公告','https://lantukeji.oss-accelerate.aliyuncs.com/962988d793c246a7be8c1a2231a6a444.png','111111111111111111111111',1,'2020-07-27 17:41:06'),(4,'测试平台公告二','https://lantukeji.oss-accelerate.aliyuncs.com/391e27ad1f5c4b00b1954dc240e0a412.jpeg','&nbsp; &nbsp; &nbsp; &nbsp; &nbsp; &nbsp; &nbsp; &nbsp; &nbsp; &nbsp; &nbsp; &nbsp; &nbsp; &nbsp; &nbsp; &nbsp; &nbsp; &nbsp; &nbsp; &nbsp; &nbsp; &nbsp; &nbsp; &nbsp; &nbsp; &nbsp;测试平台公告二测试平台公告二测试平台公告二测试平台公告二测试平台公告二测试平台公告二测试平台公告二测试平台公告二测试平台公告二测试平台公告二测试平台公告二测试平台公告二测试平台公告二测试平台公告二测试平台公告二测试平台公告二测试平台公告二测试平台公告二测试平台公告二测试平台公告二测试平台公告二测试平台公告二测试平台公告二测试平台公告二测试平台公告二测试平台公告二测试平台公告二测试平台公告二测试平台公告二测试平台公告二测试平台公告二测试平台公告二测试平台公告二测试平台公告二测试平台公告二测试平台公告二测试平台公告二测试平台公告二测试平台公告二测试平台公告二测试平台公告二测试平台公告二测试平台公告二测试平台公告二测试平台公告二测试平台公告二测试平台公告二测试平台公告二测试平台公告二测试平台公告二测试平台公告二测试平台公告二测试平台公告二测试平台公告二测试平台公告二测试平台公告二测试平台公告二',1,'2020-08-06 18:21:56');

/*Table structure for table `db_orders` */

DROP TABLE IF EXISTS `db_orders`;

CREATE TABLE `db_orders` (
  `id` int(11) NOT NULL AUTO_INCREMENT,
  `code` varchar(200) DEFAULT NULL,
  `wx_code` varchar(200) DEFAULT NULL,
  `small_code` varchar(200) DEFAULT NULL,
  `user_number` int(11) DEFAULT NULL,
  `tables_id` int(11) DEFAULT NULL,
  `user_id` int(11) DEFAULT NULL,
  `shop_id` int(11) DEFAULT NULL,
  `business_id` int(11) DEFAULT NULL,
  `takeaway` int(11) DEFAULT '0',
  `take_own` int(11) DEFAULT '0',
  `distance` float DEFAULT '0',
  `peisong_type` int(11) DEFAULT '1',
  `appointment` int(11) DEFAULT '0',
  `payment` int(11) DEFAULT NULL,
  `remark` varchar(500) DEFAULT NULL,
  `subtotal` float DEFAULT '0',
  `tableware_price` float DEFAULT '0',
  `tables_price` float DEFAULT '0',
  `takeaway_price` float DEFAULT '0',
  `coupon_id` int(11) DEFAULT NULL,
  `coupon_title` varchar(200) DEFAULT NULL,
  `coupon_saving` float DEFAULT '0',
  `grand_total` float DEFAULT NULL,
  `take_name` varchar(200) DEFAULT NULL,
  `take_mobile` varchar(200) DEFAULT NULL,
  `take_address` varchar(200) DEFAULT NULL,
  `take_date` datetime DEFAULT NULL,
  `lng` varchar(200) DEFAULT NULL,
  `lat` varchar(200) DEFAULT NULL,
  `display` int(11) DEFAULT '1',
  `closed` int(11) DEFAULT '0',
  `status` int(11) DEFAULT NULL,
  `create_date` datetime DEFAULT NULL,
  `payment_date` datetime DEFAULT NULL,
  `closed_date` datetime DEFAULT NULL,
  PRIMARY KEY (`id`),
  KEY `tables_id` (`tables_id`),
  KEY `user_id` (`user_id`),
  KEY `shop_id` (`shop_id`),
  KEY `coupon_id` (`coupon_id`),
  KEY `business_id` (`business_id`),
  CONSTRAINT `db_orders_ibfk_1` FOREIGN KEY (`tables_id`) REFERENCES `db_tables` (`id`),
  CONSTRAINT `db_orders_ibfk_2` FOREIGN KEY (`user_id`) REFERENCES `db_user` (`id`),
  CONSTRAINT `db_orders_ibfk_3` FOREIGN KEY (`shop_id`) REFERENCES `db_shop` (`id`),
  CONSTRAINT `db_orders_ibfk_4` FOREIGN KEY (`coupon_id`) REFERENCES `db_coupon` (`id`),
  CONSTRAINT `db_orders_ibfk_5` FOREIGN KEY (`business_id`) REFERENCES `db_business` (`id`)
) ENGINE=InnoDB AUTO_INCREMENT=348 DEFAULT CHARSET=utf8;

/*Data for the table `db_orders` */

/*Table structure for table `db_orders_item` */

DROP TABLE IF EXISTS `db_orders_item`;

CREATE TABLE `db_orders_item` (
  `id` int(11) NOT NULL AUTO_INCREMENT,
  `orders_id` int(11) DEFAULT NULL,
  `dishes_id` int(11) DEFAULT NULL,
  `dishes_title` varchar(200) DEFAULT NULL,
  `dishes_img_url` varchar(200) DEFAULT NULL,
  `dishes_format_title_1` varchar(200) DEFAULT NULL,
  `dishes_format_title_2` varchar(200) DEFAULT NULL,
  `dishes_format_title_3` varchar(200) DEFAULT NULL,
  `item_number` int(11) DEFAULT NULL,
  `item_price` float DEFAULT NULL,
  `item_subtotal` float DEFAULT NULL,
  `type` int(11) DEFAULT NULL,
  `status` int(11) DEFAULT NULL,
  `create_date` datetime DEFAULT NULL,
  PRIMARY KEY (`id`),
  KEY `orders_id` (`orders_id`),
  KEY `dishes_id` (`dishes_id`),
  CONSTRAINT `db_orders_item_ibfk_1` FOREIGN KEY (`orders_id`) REFERENCES `db_orders` (`id`),
  CONSTRAINT `db_orders_item_ibfk_2` FOREIGN KEY (`dishes_id`) REFERENCES `db_dishes` (`id`)
) ENGINE=InnoDB AUTO_INCREMENT=396 DEFAULT CHARSET=utf8;

/*Data for the table `db_orders_item` */

/*Table structure for table `db_orders_log` */

DROP TABLE IF EXISTS `db_orders_log`;

CREATE TABLE `db_orders_log` (
  `id` int(11) NOT NULL AUTO_INCREMENT,
  `orders_id` int(11) DEFAULT NULL,
  `content` varchar(2000) DEFAULT NULL,
  `create_date` datetime DEFAULT NULL,
  PRIMARY KEY (`id`),
  KEY `orders_id` (`orders_id`),
  CONSTRAINT `db_orders_log_ibfk_1` FOREIGN KEY (`orders_id`) REFERENCES `db_orders` (`id`)
) ENGINE=InnoDB AUTO_INCREMENT=744 DEFAULT CHARSET=utf8;

/*Data for the table `db_orders_log` */

/*Table structure for table `db_paidui` */

DROP TABLE IF EXISTS `db_paidui`;

CREATE TABLE `db_paidui` (
  `id` int(11) NOT NULL AUTO_INCREMENT,
  `code` varchar(200) DEFAULT NULL,
  `tables_type_id` int(11) DEFAULT NULL,
  `shop_id` int(11) DEFAULT NULL,
  `business_id` int(11) DEFAULT NULL,
  `user_id` int(11) DEFAULT NULL,
  `chuli_date` datetime DEFAULT NULL,
  `status` int(11) DEFAULT NULL,
  `create_date` datetime DEFAULT NULL,
  PRIMARY KEY (`id`),
  KEY `tables_type_id` (`tables_type_id`),
  KEY `shop_id` (`shop_id`),
  KEY `business_id` (`business_id`),
  KEY `user_id` (`user_id`),
  CONSTRAINT `db_paidui_ibfk_1` FOREIGN KEY (`tables_type_id`) REFERENCES `db_tables_type` (`id`),
  CONSTRAINT `db_paidui_ibfk_2` FOREIGN KEY (`shop_id`) REFERENCES `db_shop` (`id`),
  CONSTRAINT `db_paidui_ibfk_3` FOREIGN KEY (`business_id`) REFERENCES `db_business` (`id`),
  CONSTRAINT `db_paidui_ibfk_4` FOREIGN KEY (`user_id`) REFERENCES `db_user` (`id`)
) ENGINE=InnoDB AUTO_INCREMENT=58 DEFAULT CHARSET=utf8;

/*Data for the table `db_paidui` */

insert  into `db_paidui`(`id`,`code`,`tables_type_id`,`shop_id`,`business_id`,`user_id`,`chuli_date`,`status`,`create_date`) values (57,'1',16,69,66,87,NULL,3,'2022-12-08 16:51:30');

/*Table structure for table `db_rule` */

DROP TABLE IF EXISTS `db_rule`;

CREATE TABLE `db_rule` (
  `id` int(11) NOT NULL AUTO_INCREMENT,
  `title` varchar(200) DEFAULT NULL,
  `amount_1` float DEFAULT NULL,
  `amount_2` float DEFAULT NULL,
  `amount_3` float DEFAULT NULL,
  `business_id` int(11) DEFAULT NULL,
  `status` int(11) DEFAULT NULL,
  `create_date` datetime DEFAULT NULL,
  PRIMARY KEY (`id`),
  KEY `business_id` (`business_id`),
  CONSTRAINT `db_rule_ibfk_1` FOREIGN KEY (`business_id`) REFERENCES `db_business` (`id`)
) ENGINE=InnoDB AUTO_INCREMENT=10 DEFAULT CHARSET=utf8;

/*Data for the table `db_rule` */

insert  into `db_rule`(`id`,`title`,`amount_1`,`amount_2`,`amount_3`,`business_id`,`status`,`create_date`) values (1,'充0.1元赠送0.1元',0.1,0.1,0.2,60,9,'2020-07-17 18:02:17'),(2,'充0.2元赠送0.3元',0.2,0.3,0.5,60,9,'2020-07-17 18:02:31'),(3,'充0.1元赠送0.1元',0.1,0.1,0.2,61,1,'2020-07-25 11:40:58'),(4,'冲0.1元赠送0.5元',0.1,0.5,0.6,60,9,'2020-07-30 15:02:05'),(5,'冲0.1送0.2',0.1,0.2,0.3,60,0,'2020-07-30 15:45:21'),(6,'冲1000送100',1000,100,1100,60,1,'2020-07-30 15:45:46'),(7,'冲0.1送1000',0.1,1000,1000.1,60,1,'2020-07-31 14:42:41'),(8,'冲1000',1000,0,1000,60,1,'2020-08-10 18:25:11'),(9,'冲0.01送1',0.01,1,1.01,60,1,'2020-08-10 18:26:14');

/*Table structure for table `db_session_msg` */

DROP TABLE IF EXISTS `db_session_msg`;

CREATE TABLE `db_session_msg` (
  `id` int(11) NOT NULL AUTO_INCREMENT,
  `3rd_session` varchar(200) DEFAULT NULL,
  `openid` varchar(200) DEFAULT NULL,
  `session_key` varchar(200) DEFAULT NULL,
  `create_date` datetime DEFAULT NULL,
  PRIMARY KEY (`id`)
) ENGINE=InnoDB AUTO_INCREMENT=236 DEFAULT CHARSET=utf8;

/*Data for the table `db_session_msg` */

insert  into `db_session_msg`(`id`,`3rd_session`,`openid`,`session_key`,`create_date`) values (10,'riYnsv9FWnNIpNRPJRJbX8zDp7fm168U7uQqyyPr76PQuJZLLzIbp9lBjLzyx8A7Y0jvJnMKsO03IDnjK3wTiYcJsso6ZNVXkyag3fuyPf7K3IqZxgwUt5tKvLdcjB7L','o6EPy5Da__g3_ESUIardxDfl5Vrc','0or57XHAFOI3e+T/KiRIcg==','2020-07-20 10:08:33'),(13,'fgxjypK36bHNKdKzB6OdLYmgnpVYs6IcmWeoHboYnIyKhlkhfdMnYRfIEfZlu3HJXjYOxG8fyUNomOExU0FaYPwXvZt1vtbED5J8IGuuRWn8pFAVxvlBmIECmm5unLQj','o6EPy5DoPjEwesM_XTcH6E1_2l1w','qPtit0plrr5snMIof1jzYg==','2020-07-20 10:31:33'),(16,'EolicVbBppH1riEsFGBZwvt74P9kg8SPFnyVKU11YFJuqlOftjdtDGCjJHvXVFfkOa5ZfEmLF3Rnib075PkOue4M5NYVmxRf3QkZWebptpuBmrTUD7LFZqPIvwZKLNde','o6EPy5LJCaxhciFNRcOjDpsd3Py4','2E1itEK+VmiHL8vDCBg/Xg==','2020-07-22 14:03:46'),(21,'CB12wx0CFLeiPB7J5wSdlvBRd34cgSBt3LOeGRqnP9F4Q2hYsS9F4e2OAILNf6Y02ABOcwgIzPfHDeQZKMNkPtOsqjeTlLbV00Y3rEdnDAw5N2De4VnvggzVf01fUtf1','oK_wn49qIHWgEnecd_nnXgABvmp4','wEK1JHpTzZPLltNu50OBhA==','2020-07-25 11:40:36'),(22,'Tlu07vByxdXdzLJC6uM3P9h5UzG043J46rgBjE8ZoRG7OPdTvDJ2Z1tjg9rShcWLnkORtrKmXWQ2UDDmFST3l9BkRWtiKVrUeKtOMcyjMb7JFbRUTDGDf7E0LQ6lA2hF','oK_wn471qGFyKp0GyhijCwCtYulE','8nU9Kk9KzPR1gUssvvhhFg==','2020-07-25 11:40:42'),(23,'8F2q3XZjGicayDVkfqyiRslR0HirPyc6Ufv541ct1JlYnYCo6AD5nxLVWSn6BY2VGs0XKwfBn7vwucaegEx5cC5MaVvDE4DU4UDp6Ee9GryrBedKFrVRGB43so4ehCkl','oK_wn447ZtEHF5_mPr5LFHsrM0hs','Msy8qr0pTuGohFChD5wr9Q==','2020-07-25 11:41:35'),(24,'2fWFIZIweUOfKe2gTkCCtiMm6fJbWQDNgXcr4PtOSFtyiLNkHyMf0HImcnqGgtLTnok3fqZ8rl0qYEmVOO6rB1JVfcPKmH3OXkGrGDBHu0EKIwtsKH6M4JNqV78Sxa0O','oK_wn45YtgAmVUEUGJf9VkRgia9c','5KXuVR3s5agG8tdx5UcwJg==','2020-07-27 09:56:44'),(25,'eyvrRoiQo1SmSkObFs5eNFzkQFrRtropM4hT6Bbu5FIuQiV5lVFvGzboaSZ7oYIDLkFPkdUvlGoxC1u41mx2Lur6dX9ZZuWVnyDthVhhOjvzSz5ZrEXdChiz1KCjaHSG','oK_wn4xmSoFSKVGbyT7ek7GMMlow','hyuY9R/S17OfR/eW4En59g==','2020-07-27 09:56:44'),(26,'mO608uXbToCYGcjInLjE5Irr1tlBdx9XIYeVdJ32vBPqZpy5GvS1eEpTt2cufBYI9fcnEZfKcM1T7PrFvyCd0OQ80KICKvzLFaNmtFPh87jqDOPBwA6gyn6DfnWlGnQJ','oK_wn45P3tSnAXoB8o_bWT2NfbK4','3757HWAJgiQjr+ncBZpjXQ==','2020-07-27 09:56:53'),(27,'hCc7m1dJ0oIhYYyDlDuxRZ3IRVkdfMQzsAlTKm6zB28C4r7qcuvnHSAiwjI0PhE8unGWAvWTyHkYBK8zHYTNjJ018Z19E1aEINi64UhBEM033Ff7ea6TzCFxOgUd8inb','oK_wn4_aOAGc3ssBinN3u3w2TykE','PtrIscrpcmFXMS33YpSI0Q==','2020-07-27 10:04:20'),(28,'QQW0sivg9GXNBcM7gtVRlXwAKqlarLtL7LsNtbwgJWnZuf6v9hAAv0n0vs3Ug7r87mSj8TZxcJrCdWMEMfbvoiwYZ7K55zyPt7X0MHCtMwj1jrFgejJdOmeWHo9SoXsA','oK_wn46zJQBEGvD7pmRrYPMRBTvA','HU0AAdjdeoTOd0iYwgT5Bw==','2020-07-27 10:04:20'),(62,'mm9SJwc76NT9BbFC9SRaAAaJ32VkY4bRjh8Pq29qmWzTTRrlrRLiOxAZzeRXMoIFCc6sBHusLl6Xd7rKhCEUUpGLmv3SZR7HAAsESGpUb6Wn6uLBJt8g31mpqMCsIBi6','oK_wn44C3piBNzRMgjhIP5Yqb0wU','VZU3Ch5ah4q8bfUefNhXFg==','2020-07-27 17:35:04'),(72,'t0If4GqELp4GYe4jD1SETqs5vw6Z5gdoMe0KcFQo72xnBgmIuMADUZ1zipqKqMPtVC0U63wAx6NaxNLxMjbH3SkTSLYoSz3vOuqpuWcQph7aRSzyHUaE7mEocMx7ZFQ0','o6EPy5LChBzxSr5bbGPK3ywdI-Fg','wC5Hr0S4+1QxUeoUrvzxYw==','2020-07-30 15:38:55'),(82,'ZuRcOZU4yYLwSEiNPqr79lS1gzegz7lg61OBHlTW6SQo31q1KGM5IfRwlwhtq9iIv5QpSyKMxWhTz5jCCO11Evkg4fVU98d84aKTbnX9MSXNAaJlfyzksJbTCrJC0xG2','o6EPy5EIE9rxC1LxSa32J9RV_gHY','Ps40+NmIDwqwtcr5JKKptw==','2020-08-05 01:40:12'),(147,'aNbCGmLGLgZyAfBR3TtYuTj0pDtJVbIsM6MO3biOjPNWLu3zT9QMV0nAhjQ1Jy8HnXHgrRxgEO8dBMhyIZC56tvGHJTEFXTAviXv3sZ6MqILLgWaDhqzKfi3RoivtOp0','o6EPy5JOzWwoNNdYFEqToxp5YgB0','giypH6n/HrV0/T1/Z5037w==','2020-08-08 15:33:17'),(149,'US5omHIkZ9vNekiZ4PYrOOJHFmRZMYfuFDko5bLcQuszeeo7ocB41zVi9hxX6FmMNcL0V8UbD0474Liut39p5KlTQTZB1WldTjWoXgjjwHoq9GYVDNtSe7GCDNq9yGgs','o6EPy5NeqdgDx39AkUP9rsOVbt-o','Aqxw9kajkxsj5+bJr1munQ==','2020-08-08 15:33:31'),(161,'123456','123456','cqFmLSQhjr9qigznzqNWEA==','2020-08-11 16:47:04'),(165,'AGKkxLA3twzVKI5RWhmocVmttLVG0wt1SrLkJQahbnr1Ys61d4qtlB4DxNyx9Zfhnoi5ah1ItKQuqDOLtQU7lEKwPsJm02AQzUZtbPi93tFRQerfFNFtTJH08fZqheVL','o6EPy5OR3yL3NXvja5m36HFGrOFs','JtK4YUiLyKBaeE72mCgRfQ==','2020-08-12 11:33:50'),(171,'aACRJgouICrirsaEiASWOIHkxxXIjqiT903cUSOyJsk3cTikPksyvFtTYbXCDJqHQD1q65Zzxi5O0KxRmJ4F4cJV8m2W1iMHAyeyH2ixOpbrjTFSUNZCYdGRcEKcFbTD','o6EPy5LZSeidJU6VojLF0cLXvT6w','XxnY/RnYXOwfBXyBzn91pQ==','2020-08-12 14:24:02'),(175,'ePys06XzXoclva3T3suhqHS1FO1njffjan6SrW0nwyKY6DV2hoRUeHi5gtVsARpwHqW2R6nl94VXySUlAZ2LGcZYJcENCpyoAo7pgpoBYsR6MrNyOD4Gp1VFfKUxt1Oe','o6EPy5FBhdl32gZL2F2TELJvYLSw','OPbwHUprBinkYr2TDzeUHQ==','2020-08-12 17:07:26'),(183,'wpvo16RYnb3QOrszhnSTqUBT9d4zhDi0iMpN3KNDmZkseei0pGxsuajLfeyMJomUwVrLx7axNGGMIwwUakRCNePZE43wPFHAlcVzd9zO2gWkHxQnui3arq7hU6AAMw5K','o6EPy5F4ijmZ_4ymRHSg-1O3TEJc','f5fUEM0ljH3BFiP0fc66aQ==','2020-08-13 10:33:49'),(190,'RD8jc5pgKvCArBPjdxsiA3WOLGElzgs7NHmov27PK7lEcqbCr41bkkMtTRSRL6pUTQ0zUuYWVmHBJ9q2thTWQgrYRKRKBasjwgafGVSYKT4qAXb49xNI6rGagqSyhc8B','o6EPy5DlEy2CvT0FwsxZSOAy9atY','zE52nBiG+pkbgr92FsIOCQ==','2020-08-13 18:05:47'),(194,'hofmnBvGHki8clk8pAL54WGwikxSzcHi21wgOj7ZlmjhxsimzSTAJnacY2CZKkrDyh6Xn6cz1DvUWaStae8UpNTR1COmeqCephU3Kr8UQBUrjjCNNJ3SwFlSeYygrqwz','o6EPy5AoBu1vHrTuL7zNCKat6W00','T8D557hff6MqV/aetNy+uw==','2020-08-13 22:08:02'),(197,'TRwxRTvNC50XVvuaWoezbZoQlqnXY3gbutyT6JJcrxeV4qPlsvdGQokOkbaKOsIU4vBnrwkLjB37HphS36BQRu0pydHBOm9Bw6sfZ2N7csE28SjjzLGXx8i6PhNKEHnO','o6EPy5NQMNpX_JPvcQ4WNZ8O2B-8','4bYh8e5ZGxNvUn333TYfOw==','2020-08-14 14:46:31'),(198,'OwAu52XXqwZ1zlJ8Zu376aTmqUHQTwHrWerjvTPZnOcjPmBSj8InhQLhaQJjGzuvIdHMN6upVnl9hEPwJisIrVB0X2Y9tbfkdSIjlWdhE18BFkSQQ2Rpll9VeduzoGHb','o6EPy5NEuS-iXPGGrwgirV0svYTE','i87BfRGgpBg+lSxzFmPquQ==','2020-08-14 14:46:31'),(200,'3Tt5qXpJNARtM1u54sz3a2D196jswD6gybj9wPVVFPfxHHN4qyKW0jC26kqTnc7kye6d27cPdSRl9tsKfNFrM2228mBjbIIZHBuNiRO7vMKuQ74ivWvsCTI9uTJjfiAv','o6EPy5LwQ1_15W_7XvxXRd8jg6QY','9tTh9T4nt0h13XGU/7qV0Q==','2020-08-14 15:17:12'),(204,'odo20QKSHhpRbK02pOd4KNvdYHF26ryoF89TYSePaVqH1xqhH7EOM066Qb1Wv73gMzN2BOaXdKFRRoym6cuPNfrykiAbAUeoF5wbGmRyhVEhdea2HzqTaeSQc7HpS2ro','o6EPy5A3tlCYXw6Jo5AEw7gjwpkc','ylut6x/KiffY6ST5UixrQg==','2020-08-14 17:51:05'),(205,'W2XP34LO0OwJmdUz9fb4wLF1tlgVOs3WK1RM7Z0VKu5aN0wiOsZpXf8P5CM71GefobBmCjPJDBAYQ9W9WNO1F28o7dGn9o2oH4WSk4AKp8kYUEcRqwRIc1aAXKhAmY3T','o6EPy5FzBTBdGKuEa0zTX3pAY-oA','QJn2ES6PDzH0aCF+YxlSzA==','2020-08-14 19:13:40'),(209,'jE3dgWBSrBmMUqtlYdGavYJl1FMRAfP7zz9muMEaKKGOL3Sb6HXEk4qENbdKP3BIMImT6dJp3tU5zpSQeDy3yNFJ4Ju6qtSIheKSnIeGkDPYKcn6Uw22wKmIOlMpKzfG','o6EPy5I-iJzyDb0PX59GF5u3gSfc','hfd+2TpHVpfr/88aCrisiA==','2020-08-17 11:35:18'),(211,'9EMljz8eqIhZGDzbwDgBfIDWhs5V9oPp3iY1cw45fUmIymsw9rP1Tfd2cuxlKJBFJ9d8f0bUQFJbQ8jZctTJfTlwLWz0NVlgAqPVCJ8LaUZjeFW2bOxV6rn6eANXT58H','o6EPy5PBnBLKHnRcXwiCtKmmqS7k','cdONv+CkIY/J+GmvWOAOXA==','2020-08-17 14:52:17'),(213,'KaPyyQu8Gf8jN45jtstsT6o121ATqozFDUBdPxMRPVF2IKkVWkPv8kP4KrUcyRQ7OGfYCMQtOMlTYyHdEp2AxR9uJkgOMzHJJVlgeKEg1kxNsBBX1jMqkvcBmFM3V934','o6EPy5M-TAz1mia14FAIPqxklIpk','cjklH7AGWcFbRCfBpDni9g==','2020-08-17 15:42:16'),(214,'OBBGBpqbJuyU7tEKw75OsAvfkzkEn8mGPAQt1uJ5PiTqQcTHK04FUT5MkdFaBQmi5lVPb4Bmmlct089Kdq5QJvgEHZOZ6wqkvvq4yLMwm8mlrUTZ3BCFVY8xdKv9hVrG','o6EPy5L2NZhJEWNqObH45wFa3cw4','fFPT32bCc4Ti1lfBBq2vUQ==','2020-08-17 15:42:16'),(215,'osVAC2GnCI2wcqgGy858P0a4X0B7ZoqARTZhmu16PEhwKtgX08bmuOMKoifeaK3kUKarsOFIiflttNQnkwQtV0IOCSu69r8hnudY2f0BAtfpMKf34OXpz8BFakA0s86G','o6EPy5Mnl0Nc2pi_nIJXl85nkPoM','QvJG1hqTeb6+1KvdoZhilA==','2020-08-17 15:42:24'),(216,'G5qr6u5v5fkEWS9xVvq4x8JKzTGbCK2mRCFC4qsYc3PUmjeB15IzXdR21vJRWpPesmfa94W1YvcUcXbRksYSpSfaKubqshTjOKohlNg0x3Vc3ao9DHUh0brw1gE9eOdv','o6EPy5IKHqVaDpQk9Al7GOcAvkwY','bKdiCEfMItsT6WzbmJJUPw==','2020-08-17 15:47:28'),(217,'U8v9QbkcNzj29rl3Ekmj8rOcx4JCdbSrJGVM9NtaTdOYNANyDZag5MhY9PMpkLJi49VSnVLj2ETlRwwJxHx5ZfSbTOB7wYJT036nnJFBhWCOtLdrpby1JbKxKE94nlTG','o6EPy5OQRlzf4TiLEHoZadMALOec','BsH4bWNB5U2RQSJNKxD6/A==','2020-08-19 17:08:17'),(218,'33UlzZNDQhVaKlFaVcxvf1rSD6CKHILDzBNMr9ZbdEuhGVX9SOMg9JyIyvGkPxiSxNyhilas5ehHUy1PR4UfGFhpgWy9KbxUY32o7cQSxXIZiO3bWN6PgFzasDiriob1','o6EPy5Me9WKtseruSOxYBQvhrQcA','5lSX/trRNzPR7dUvxxUygg==','2020-08-20 04:10:10'),(219,'w1dkr5I95kMmWYfLUmaobNRAoHVhfHJs0D1LsrOLpfRWWI7RLNY53lmEjtxM7XWyb9oD2wpBfFRZEhIaNjonrqXYQM03DPKMROEPFYrfwanktc31IidB6D6qHDL4uS1K','o6EPy5O_X1cAb-cTv26EXuEdQq7M','zfC0jXy8IDJ+NbWDRalvIw==','2020-08-26 12:44:28'),(220,'uB1TkvAdCfHVISI0uy7yCf0trGLNiq9F6vY4P4ZUy65zKkGLfU0I34VqQyHtMflHOUmUgF0O9NhzJtwckfmXopl9A7oL1DHtycBi69MWDwSzNUdHtdQLIpQi5fp6JRgT','o6EPy5L9N1tCqjqtc9omMcBhbLbw','+JhlBlT6mKV6lJMftXfiPQ==','2020-08-26 14:29:46'),(228,'UDjZhIJQ9lYmQjhahvnc1VxJLDt6s1z1vpPceZjzxcyJXxPRdPvDVU2Bt204FoirHP58jDHf6xBwCrxq37hiEKCoq8bPEnjZmzwctpVe1Vc0z0nNWfbOTB7U0qP3hlXp','o6EPy5BMEjXlVWBZ1tYMKaHPu2K0','3UX53vXJOkPBp9+/+bjnBQ==','2020-08-26 18:37:45'),(229,'a3XP52Hy5a63H6qWHiOCgduB8g1Hmg9ARAUbJ8vAsP0bTINJGNFltLeyx5uNEXEwlWSuMIia2O3S24PBeoWkWxk2MOqSpqYI1InV3oZND3KvOmN15j8bt0StjZIDfRnp','o6EPy5P_jX7OmYfogqXrfXwoaheA','vJzQzCa8eu28Nvrv+SkwEA==','2020-08-26 23:55:47'),(230,'CoNElZBanUc1ljMrofO4SqBIWD1BictBnTCoilzHtbvJi3pgN8bHd4HiiBoLu6ipNUjy6AN3SM5bbdZdLcqidRdInDjKNWvA5mZZRsDm6zp7ZfXA1rqyfqaafLDBnCAQ','o6EPy5M9YLPmW7l7NWSAyIu4_DKs','99e0Rr24PwpH54HMjYfZSA==','2020-08-27 14:18:21'),(231,'Jzb0hlY9fuiRATsfPc1IlVd8VPn7DxcVWPXStaWszCXRWZxcZhvd0xJ49HGRWnrznLazGzpebwXO9VLfbK6WkJ5cGY5J1CmfDmtaRcP97ly3iKX7ndZ2U96kgm3NhYh6','o6EPy5J64FPdXMe6KYw4fzh8M86c','RePU8ziy5y9CLff5Jbbq3g==','2020-08-27 14:20:49'),(232,'hgPYvuaA8y3IWcnwaCTN1VAsFE46sq76wcykGwUehUsRoqLqmm9zK4ELwpRvVHDyosuVuLHSnvbfjijRKn7kUAtjY92CW4r4c9ACnkwzSeOz3HHn9I9JdzOmdL1xbg5o','o6EPy5ERs1tBrdCVbAYhY6S8KLzE','EEijg0XPud5b4Bn+ZFZzNw==','2020-08-28 16:14:46'),(235,'i3kdQP3NbKhH40yKgHWRAWIc0JpMLJLSNT6JGI23wLByVsaXokrP5OQbSVU5JMY4KuCvJKGEmDIXxbRmgl1afabIxXFNCvX1hHgQklaPgRIBWtJEzYBgEHncavKPFRq9','oYlCm5b6QDQB9rqIs0iYi5s12YVM','6F6Pgl7now2KwhNwDzkNeg==','2022-12-08 16:12:27');

/*Table structure for table `db_shop` */

DROP TABLE IF EXISTS `db_shop`;

CREATE TABLE `db_shop` (
  `id` int(11) NOT NULL AUTO_INCREMENT,
  `code` varchar(200) DEFAULT NULL,
  `title` varchar(200) DEFAULT NULL,
  `area_id` int(11) DEFAULT NULL,
  `area_msg` varchar(200) DEFAULT NULL,
  `address` varchar(200) DEFAULT NULL,
  `lng` varchar(200) DEFAULT NULL,
  `lat` varchar(200) DEFAULT NULL,
  `service` varchar(200) DEFAULT NULL,
  `work_time` varchar(200) DEFAULT NULL,
  `name` varchar(200) DEFAULT NULL,
  `telephone` varchar(200) DEFAULT NULL,
  `tableware_price` float DEFAULT '0' COMMENT '餐具费',
  `takeaway_price` float DEFAULT '0' COMMENT '配送费',
  `takeaway_moq` float DEFAULT '0' COMMENT '起送金额',
  `takeaway_distance` float DEFAULT '0' COMMENT '配送范围',
  `takeaway_status` int(11) DEFAULT '1' COMMENT '外卖',
  `takeaway_distribution_status` int(11) DEFAULT '1' COMMENT '外卖配送',
  `takeaway_own_status` int(11) DEFAULT '1' COMMENT '外卖自提',
  `paidui` int(11) DEFAULT '1',
  `yuyuezhuowei` int(11) DEFAULT '1',
  `qingtai` int(11) DEFAULT '1' COMMENT '人工清台',
  `business_id` int(11) DEFAULT NULL,
  `status` int(11) DEFAULT NULL,
  `create_date` datetime DEFAULT NULL,
  PRIMARY KEY (`id`),
  KEY `area_id` (`area_id`),
  KEY `business_id` (`business_id`),
  CONSTRAINT `db_shop_ibfk_3` FOREIGN KEY (`area_id`) REFERENCES `db_area` (`id`),
  CONSTRAINT `db_shop_ibfk_4` FOREIGN KEY (`business_id`) REFERENCES `db_business` (`id`)
) ENGINE=InnoDB AUTO_INCREMENT=70 DEFAULT CHARSET=utf8;

/*Data for the table `db_shop` */

insert  into `db_shop`(`id`,`code`,`title`,`area_id`,`area_msg`,`address`,`lng`,`lat`,`service`,`work_time`,`name`,`telephone`,`tableware_price`,`takeaway_price`,`takeaway_moq`,`takeaway_distance`,`takeaway_status`,`takeaway_distribution_status`,`takeaway_own_status`,`paidui`,`yuyuezhuowei`,`qingtai`,`business_id`,`status`,`create_date`) values (68,'22120810464006743','醉得意（朝山街店）',51007,'山东省->济南市->历下区','趵突泉街道朝山街43号','117.02627','36.65724','0531-82921508','10:00-23:00','liumi','15600000001',0,0,0,0,1,1,1,1,1,1,66,9,'2022-12-08 10:46:40'),(69,'22120811320973914','醉得意（朝山街店）',51007,'山东省->济南市->历下区','趵突泉阶段','117.016159','36.660957','0531-82921508','10:00-23:00','liumi','15600000002',0,0,0,0,1,1,1,1,1,1,66,1,'2022-12-08 11:32:10');

/*Table structure for table `db_shop_admin` */

DROP TABLE IF EXISTS `db_shop_admin`;

CREATE TABLE `db_shop_admin` (
  `id` int(11) NOT NULL AUTO_INCREMENT,
  `name` varchar(200) DEFAULT NULL,
  `email` varchar(200) DEFAULT NULL,
  `password` varchar(200) DEFAULT NULL,
  `shop_id` int(11) DEFAULT NULL,
  `type` int(11) DEFAULT '1',
  `status` int(11) DEFAULT '1',
  `create_date` datetime DEFAULT NULL,
  PRIMARY KEY (`id`),
  KEY `shop_id` (`shop_id`),
  CONSTRAINT `db_shop_admin_ibfk_1` FOREIGN KEY (`shop_id`) REFERENCES `db_shop` (`id`)
) ENGINE=InnoDB AUTO_INCREMENT=44 DEFAULT CHARSET=utf8;

/*Data for the table `db_shop_admin` */

insert  into `db_shop_admin`(`id`,`name`,`email`,`password`,`shop_id`,`type`,`status`,`create_date`) values (42,'liumi','15600000001','8b9ef712828c465686613d39f01b6669',68,1,1,'2022-12-08 10:46:40'),(43,'zch','15600000002','8b9ef712828c465686613d39f01b6669',69,1,1,'2022-12-08 11:32:10');

/*Table structure for table `db_shop_admin_menu` */

DROP TABLE IF EXISTS `db_shop_admin_menu`;

CREATE TABLE `db_shop_admin_menu` (
  `id` int(11) NOT NULL AUTO_INCREMENT,
  `shop_admin_id` int(11) DEFAULT NULL,
  `shop_menu_id` int(11) DEFAULT NULL,
  `create_date` datetime DEFAULT NULL,
  PRIMARY KEY (`id`),
  KEY `shop_admin_id` (`shop_admin_id`),
  KEY `shop_menu_id` (`shop_menu_id`),
  CONSTRAINT `db_shop_admin_menu_ibfk_1` FOREIGN KEY (`shop_admin_id`) REFERENCES `db_shop_admin` (`id`),
  CONSTRAINT `db_shop_admin_menu_ibfk_2` FOREIGN KEY (`shop_menu_id`) REFERENCES `db_shop_menu` (`id`)
) ENGINE=InnoDB AUTO_INCREMENT=174 DEFAULT CHARSET=utf8;

/*Data for the table `db_shop_admin_menu` */

insert  into `db_shop_admin_menu`(`id`,`shop_admin_id`,`shop_menu_id`,`create_date`) values (164,43,13,'2022-12-08 11:32:10'),(165,43,1,'2022-12-08 11:32:10'),(166,43,2,'2022-12-08 11:32:10'),(167,43,3,'2022-12-08 11:32:10'),(168,43,7,'2022-12-08 11:32:10'),(169,43,8,'2022-12-08 11:32:10'),(170,43,10,'2022-12-08 11:32:10'),(171,43,11,'2022-12-08 11:32:10'),(172,43,12,'2022-12-08 11:32:10'),(173,43,14,'2022-12-08 11:32:10');

/*Table structure for table `db_shop_comment` */

DROP TABLE IF EXISTS `db_shop_comment`;

CREATE TABLE `db_shop_comment` (
  `id` int(11) NOT NULL AUTO_INCREMENT,
  `business_id` int(11) DEFAULT NULL,
  `shop_id` int(11) DEFAULT NULL,
  `user_id` int(11) DEFAULT NULL,
  `img_urls` varchar(500) DEFAULT NULL,
  `content` text,
  `status` int(11) DEFAULT '1',
  `create_date` datetime DEFAULT NULL,
  PRIMARY KEY (`id`),
  KEY `shop_id` (`shop_id`),
  KEY `user_id` (`user_id`),
  KEY `business_id` (`business_id`),
  CONSTRAINT `db_shop_comment_ibfk_1` FOREIGN KEY (`shop_id`) REFERENCES `db_shop` (`id`),
  CONSTRAINT `db_shop_comment_ibfk_2` FOREIGN KEY (`user_id`) REFERENCES `db_user` (`id`),
  CONSTRAINT `db_shop_comment_ibfk_3` FOREIGN KEY (`business_id`) REFERENCES `db_shop` (`id`)
) ENGINE=InnoDB AUTO_INCREMENT=7 DEFAULT CHARSET=utf8;

/*Data for the table `db_shop_comment` */

/*Table structure for table `db_shop_menu` */

DROP TABLE IF EXISTS `db_shop_menu`;

CREATE TABLE `db_shop_menu` (
  `id` int(11) NOT NULL AUTO_INCREMENT,
  `title` varchar(200) DEFAULT NULL,
  `url` varchar(200) DEFAULT NULL,
  `icon` varchar(200) DEFAULT NULL,
  `idx` int(11) DEFAULT NULL,
  `create_date` datetime DEFAULT NULL,
  PRIMARY KEY (`id`)
) ENGINE=InnoDB AUTO_INCREMENT=15 DEFAULT CHARSET=utf8;

/*Data for the table `db_shop_menu` */

insert  into `db_shop_menu`(`id`,`title`,`url`,`icon`,`idx`,`create_date`) values (1,'堂食订单','/shop/tangshi','left_icon app-sidebar__icon--order',11,'2020-07-17 10:46:57'),(2,'外卖订单','/shop/takeaway','left_icon left_waimai_icon',21,'2020-07-17 10:46:57'),(3,'预约订单','/shop/appointment','left_icon left_yuyue_icon',31,'2020-07-17 10:46:57'),(7,'菜品管理','/shop/dishes','left_icon app-sidebar__icon--goods',41,'2020-07-17 10:46:57'),(8,'商家菜品','/shop/business/dishes','left_icon yingxiao',51,'2020-07-17 10:46:57'),(10,'订单满减','/shop/coupon','left_icon app-sidebar__icon--plugin',61,'2020-07-17 10:46:57'),(11,'订单打印','/shop/printer','left_icon left_super_icon',71,'2020-07-17 10:46:57'),(12,'财务统计','/shop/caiwu','left_icon app-sidebar__icon--dashboard',81,'2020-07-17 10:46:57'),(13,'工作台','/shop/tables','menu-text index_btn_r',1,'2020-07-17 10:46:57'),(14,'会员管理','/shop/user','left_icon app-sidebar__icon--scrm',91,'2020-07-17 10:46:57');

/*Table structure for table `db_shop_printer` */

DROP TABLE IF EXISTS `db_shop_printer`;

CREATE TABLE `db_shop_printer` (
  `id` int(11) NOT NULL AUTO_INCREMENT,
  `title` varchar(200) DEFAULT NULL,
  `user_code` varchar(200) DEFAULT NULL,
  `user_pwd` varchar(200) DEFAULT NULL,
  `printer_code` varchar(200) DEFAULT NULL,
  `printer_pwd` varchar(200) DEFAULT NULL,
  `number` varchar(200) DEFAULT NULL,
  `app_key` varchar(200) DEFAULT NULL,
  `token` varchar(200) DEFAULT NULL,
  `status` int(11) DEFAULT NULL,
  `type` int(11) DEFAULT '0',
  `source` int(11) DEFAULT NULL,
  `shop_id` int(11) DEFAULT NULL,
  `create_date` datetime DEFAULT NULL,
  PRIMARY KEY (`id`),
  KEY `shop_id` (`shop_id`),
  CONSTRAINT `db_shop_printer_ibfk_1` FOREIGN KEY (`shop_id`) REFERENCES `db_shop` (`id`)
) ENGINE=InnoDB AUTO_INCREMENT=5 DEFAULT CHARSET=utf8;

/*Data for the table `db_shop_printer` */

insert  into `db_shop_printer`(`id`,`title`,`user_code`,`user_pwd`,`printer_code`,`printer_pwd`,`number`,`app_key`,`token`,`status`,`type`,`source`,`shop_id`,`create_date`) values (1,'前台','wukongdiancan@qq.com','PNNfD4PBedrVK5I8','917509853','9rpgv64w',NULL,NULL,NULL,1,1,NULL,59,'2020-07-17 18:10:56'),(2,'后厨','wukongdiancan@qq.com','PNNfD4PBedrVK5I8','917509853','9rpgv64w',NULL,NULL,NULL,9,0,NULL,59,'2020-07-17 18:11:17'),(3,'第一台打印机','wukongdiancan@qq.com','PNNfD4PBedrVK5I8','921547693','wzunubc5',NULL,NULL,NULL,1,1,NULL,59,'2020-07-24 15:05:52'),(4,'打印机','wukongdiancan@qq.com','PNNfD4PBedrVK5I8','921547693','wzunubc5',NULL,NULL,NULL,1,1,NULL,63,'2020-07-29 17:12:41');

/*Table structure for table `db_shopping_cart` */

DROP TABLE IF EXISTS `db_shopping_cart`;

CREATE TABLE `db_shopping_cart` (
  `id` int(11) NOT NULL AUTO_INCREMENT,
  `dishes_id` int(11) DEFAULT NULL,
  `dishes_format_title_1` varchar(200) DEFAULT NULL,
  `dishes_format_title_2` varchar(200) DEFAULT NULL,
  `dishes_format_title_3` varchar(200) DEFAULT NULL,
  `number` int(11) DEFAULT NULL,
  `user_id` int(11) DEFAULT NULL,
  `shop_id` int(11) DEFAULT NULL,
  `create_date` datetime DEFAULT NULL,
  PRIMARY KEY (`id`),
  KEY `dishes_id` (`dishes_id`),
  KEY `user_id` (`user_id`),
  KEY `shop_id` (`shop_id`),
  CONSTRAINT `db_shopping_cart_ibfk_1` FOREIGN KEY (`dishes_id`) REFERENCES `db_dishes` (`id`),
  CONSTRAINT `db_shopping_cart_ibfk_3` FOREIGN KEY (`user_id`) REFERENCES `db_user` (`id`),
  CONSTRAINT `db_shopping_cart_ibfk_4` FOREIGN KEY (`shop_id`) REFERENCES `db_shop` (`id`)
) ENGINE=InnoDB AUTO_INCREMENT=436 DEFAULT CHARSET=utf8;

/*Data for the table `db_shopping_cart` */

insert  into `db_shopping_cart`(`id`,`dishes_id`,`dishes_format_title_1`,`dishes_format_title_2`,`dishes_format_title_3`,`number`,`user_id`,`shop_id`,`create_date`) values (150,126,'大份','微辣','微甜',2,23,59,'2020-08-07 18:30:13'),(152,124,'小份','默认','默认',4,2,59,'2020-08-08 10:40:24'),(242,124,'小份','默认','默认',1,23,59,'2020-08-12 11:44:02'),(243,125,'大份','微辣','默认',1,23,59,'2020-08-12 11:44:05'),(266,132,'大碗','十分甜','默认',11,62,63,'2020-08-12 16:52:09'),(336,124,'小份','默认','默认',1,60,59,'2020-08-14 14:59:39'),(409,124,'小份','默认','默认',1,70,59,'2020-08-17 11:35:39'),(414,132,'小碗','一分甜','默认',4,NULL,63,'2020-08-17 14:41:16'),(420,132,'小碗','一分甜','默认',4,66,63,'2020-08-17 15:01:39'),(424,124,'小份','默认','默认',1,62,59,'2020-08-17 15:39:40'),(431,132,'大碗','十分甜','默认',1,81,63,'2020-08-26 12:44:51'),(432,132,'中碗','五分甜','默认',1,82,63,'2020-08-26 16:10:42'),(434,135,'大份','特辣','默认',1,82,63,'2020-08-27 14:18:34'),(435,165,'默认','默认','默认',1,87,69,'2022-12-08 16:41:51');

/*Table structure for table `db_tables` */

DROP TABLE IF EXISTS `db_tables`;

CREATE TABLE `db_tables` (
  `id` int(11) NOT NULL AUTO_INCREMENT,
  `title` varchar(200) DEFAULT NULL,
  `price` float DEFAULT '0',
  `number` int(11) DEFAULT NULL,
  `qrcode` varchar(200) DEFAULT NULL,
  `tables_type_id` int(11) DEFAULT NULL,
  `orders_id` int(11) DEFAULT NULL,
  `shop_id` int(11) DEFAULT NULL,
  `system` int(11) DEFAULT '0',
  `display` int(11) DEFAULT NULL,
  `status` int(11) DEFAULT '0',
  `create_date` datetime DEFAULT NULL,
  PRIMARY KEY (`id`),
  KEY `tables_type_id` (`tables_type_id`),
  KEY `orders_id` (`orders_id`),
  KEY `shop_id` (`shop_id`),
  CONSTRAINT `db_tables_ibfk_2` FOREIGN KEY (`tables_type_id`) REFERENCES `db_tables_type` (`id`),
  CONSTRAINT `db_tables_ibfk_3` FOREIGN KEY (`orders_id`) REFERENCES `db_orders` (`id`),
  CONSTRAINT `db_tables_ibfk_4` FOREIGN KEY (`shop_id`) REFERENCES `db_shop` (`id`)
) ENGINE=InnoDB AUTO_INCREMENT=303 DEFAULT CHARSET=utf8;

/*Data for the table `db_tables` */

insert  into `db_tables`(`id`,`title`,`price`,`number`,`qrcode`,`tables_type_id`,`orders_id`,`shop_id`,`system`,`display`,`status`,`create_date`) values (294,'代客点餐',0,0,NULL,NULL,NULL,69,1,1,0,NULL),(295,'预约点餐',0,0,NULL,NULL,NULL,69,1,1,0,NULL),(296,'外卖点餐',0,0,NULL,NULL,NULL,69,1,1,0,NULL),(297,'1号桌',0,NULL,'/static/qrcode/20221208/662fbaae127043e284234a7daae01179.png',15,NULL,69,0,1,0,'2022-12-08 16:48:58'),(298,'2号桌',0,NULL,'/static/qrcode/20221208/b95f17a9e8b54cf0a78d6d8d573977f9.png',15,NULL,69,0,1,0,'2022-12-08 16:49:13'),(299,'3号桌',0,NULL,'/static/qrcode/20221208/92aaec6b01224a1f88ce22d51c9989f3.png',16,NULL,69,0,1,0,'2022-12-08 16:49:24'),(300,'4号桌',0,NULL,'/static/qrcode/20221208/bcbc651fae33416f878759fddf77db08.png',16,NULL,69,0,1,0,'2022-12-08 16:49:40'),(301,'5号桌',0,NULL,'/static/qrcode/20221208/f4f9f8254feb45a48257c836f0d9ca7d.png',17,NULL,69,0,1,0,'2022-12-08 16:49:50'),(302,'6号桌',0,NULL,'/static/qrcode/20221208/6175f293657749c2a882205abb0aa239.png',17,NULL,69,0,1,0,'2022-12-08 16:49:59');

/*Table structure for table `db_tables_type` */

DROP TABLE IF EXISTS `db_tables_type`;

CREATE TABLE `db_tables_type` (
  `id` int(11) NOT NULL AUTO_INCREMENT,
  `title` varchar(200) DEFAULT NULL,
  `idx` int(11) DEFAULT NULL,
  `number` int(11) DEFAULT NULL,
  `shop_id` int(11) DEFAULT NULL,
  `status` int(11) DEFAULT NULL,
  `create_date` datetime DEFAULT NULL,
  PRIMARY KEY (`id`),
  KEY `shop_id` (`shop_id`),
  CONSTRAINT `db_tables_type_ibfk_1` FOREIGN KEY (`shop_id`) REFERENCES `db_shop` (`id`)
) ENGINE=InnoDB AUTO_INCREMENT=18 DEFAULT CHARSET=utf8 ROW_FORMAT=DYNAMIC;

/*Data for the table `db_tables_type` */

insert  into `db_tables_type`(`id`,`title`,`idx`,`number`,`shop_id`,`status`,`create_date`) values (15,'两人桌',1,2,69,1,'2022-12-08 16:48:28'),(16,'四人桌',2,4,69,1,'2022-12-08 16:48:40'),(17,'六人桌',3,6,69,1,'2022-12-08 16:48:48');

/*Table structure for table `db_user` */

DROP TABLE IF EXISTS `db_user`;

CREATE TABLE `db_user` (
  `id` int(11) NOT NULL AUTO_INCREMENT,
  `name` varchar(200) DEFAULT NULL,
  `img_url` varchar(200) DEFAULT NULL,
  `user_name` varchar(200) DEFAULT NULL,
  `user_mobile` varchar(200) DEFAULT NULL,
  `openid` varchar(200) DEFAULT NULL,
  `account` float DEFAULT '0',
  `business_id` int(11) DEFAULT NULL,
  `shop_id` int(11) DEFAULT NULL,
  `status` int(11) DEFAULT '1',
  `create_date` datetime DEFAULT NULL,
  PRIMARY KEY (`id`),
  KEY `business_id` (`business_id`),
  KEY `shop_id` (`shop_id`),
  CONSTRAINT `db_user_ibfk_1` FOREIGN KEY (`business_id`) REFERENCES `db_business` (`id`),
  CONSTRAINT `db_user_ibfk_2` FOREIGN KEY (`shop_id`) REFERENCES `db_shop` (`id`)
) ENGINE=InnoDB AUTO_INCREMENT=88 DEFAULT CHARSET=utf8;

/*Data for the table `db_user` */

insert  into `db_user`(`id`,`name`,`img_url`,`user_name`,`user_mobile`,`openid`,`account`,`business_id`,`shop_id`,`status`,`create_date`) values (1,'我心飞扬','https://wx.qlogo.cn/mmopen/vi_32/sSHOG1Woz2RFOYZbiafFAFCAMWe7DecfuuZicsGicibico10QicEyiaaSBS5MHuwQ8gvBSpsdticLVcI2icTDmm2erDibiafA/132','刘志强','13791927167','o6EPy5I-iJzyDb0PX59GF5u3gSfc',1599.15,66,69,9,'2020-07-18 15:45:51'),(2,'丁润超','https://wx.qlogo.cn/mmopen/vi_32/Q0j4TwGTfTIZ9ChJH4hxpMRpHTDjrTlCxn0JelGf7SdeMGDZlicYvAoTqbB4P9JshKh7S9plZTEuIcwDGn0NzGQ/132','丁润超','15224453378','o6EPy5L9N1tCqjqtc9omMcBhbLbw',1000.05,66,69,9,'2020-07-18 15:48:31'),(3,'微信用户','https://xdj.funforever.cn/static/user.png',NULL,NULL,'o6EPy5M-TAz1mia14FAIPqxklIpk',0,66,69,9,'2020-07-18 16:19:35'),(4,'10.11','https://wx.qlogo.cn/mmopen/vi_32/Q0j4TwGTfTIjLoRwtxERaCjLk8DXibibhkBH7bbCGibrRnJzc9mSI4rLawzxQlVUz0kBCDibOwkdeAgib5vzVsImnjw/132',NULL,NULL,'o6EPy5DlEy2CvT0FwsxZSOAy9atY',200,66,69,9,'2020-07-18 16:19:36'),(5,'微信用户','https://xdj.funforever.cn/static/user.png',NULL,NULL,'o6EPy5Da__g3_ESUIardxDfl5Vrc',0,66,69,9,'2020-07-20 10:08:33'),(6,'微信用户','https://xdj.funforever.cn/static/user.png',NULL,NULL,'o6EPy5DoPjEwesM_XTcH6E1_2l1w',0,66,NULL,9,'2020-07-20 10:31:33'),(7,'微信用户','https://xdj.funforever.cn/static/user.png',NULL,NULL,'o6EPy5LwQ1_15W_7XvxXRd8jg6QY',0,66,NULL,9,'2020-07-20 10:32:04'),(8,'微信用户','https://xdj.funforever.cn/static/user.png',NULL,NULL,'o6EPy5LJCaxhciFNRcOjDpsd3Py4',0,66,NULL,9,'2020-07-22 14:03:46'),(9,'Sorry（鋭）','https://wx.qlogo.cn/mmopen/vi_32/X3EnuoQHK0JVJtEX4ByKKvh6oQAjnf1dsZW3wI5GMTHcBRBxQppszY4RpMWUb9Dyjre3dHH9aYfsV2SOraqyUQ/132','朱锐','13824342251','o6EPy5IKHqVaDpQk9Al7GOcAvkwY',1800,66,69,9,'2020-07-24 16:12:42'),(10,'魏剑帆','https://wx.qlogo.cn/mmopen/vi_32/Ct8bt215tup7qfm3Jm4mbzZvGR99hMaSLBP2snvicWlThelfk4SXkReSrnl1Nv8cjUOM5LNeMhkqxargqVCVmWw/132',NULL,NULL,'o6EPy5NQMNpX_JPvcQ4WNZ8O2B-8',0,66,69,9,'2020-07-25 10:24:41'),(11,'微信用户','https://xdj.funforever.cn/static/user.png',NULL,NULL,'o6EPy5NQMNpX_JPvcQ4WNZ8O2B-8',0,66,NULL,9,'2020-07-25 10:24:41'),(12,'微信用户','https://xdj.funforever.cn/static/user.png',NULL,NULL,'oK_wn49qIHWgEnecd_nnXgABvmp4',0,66,NULL,9,'2020-07-25 11:40:36'),(13,'微信用户','https://xdj.funforever.cn/static/user.png',NULL,NULL,'oK_wn471qGFyKp0GyhijCwCtYulE',0,66,69,9,'2020-07-25 11:40:42'),(14,'微信用户','https://xdj.funforever.cn/static/user.png',NULL,NULL,'oK_wn447ZtEHF5_mPr5LFHsrM0hs',0,66,69,9,'2020-07-25 11:41:35'),(15,'微信用户','https://xdj.funforever.cn/static/user.png',NULL,NULL,'oK_wn45YtgAmVUEUGJf9VkRgia9c',0,66,69,9,'2020-07-27 09:56:44'),(16,'小倩','https://wx.qlogo.cn/mmopen/vi_32/proaRF0lEDicHKicoDVaMsbhG0mAxKTupTea0QkLITymF6GXcGuA9l783T7WckEyrTogaC9AHD3QeMxic7jIAMgjQ/132',NULL,NULL,'oK_wn4xmSoFSKVGbyT7ek7GMMlow',0,66,69,9,'2020-07-27 09:56:44'),(17,'微信用户','https://xdj.funforever.cn/static/user.png',NULL,NULL,'oK_wn45P3tSnAXoB8o_bWT2NfbK4',0,66,69,9,'2020-07-27 09:56:53'),(18,'微信用户','https://xdj.funforever.cn/static/user.png',NULL,NULL,'oK_wn4_aOAGc3ssBinN3u3w2TykE',0,66,69,9,'2020-07-27 10:04:20'),(19,'低调','https://wx.qlogo.cn/mmopen/vi_32/proaRF0lEDicHKicoDVaMsbpTT2K6EQgz858aqCnrq6psz2n1Z4AoJEGzqGQVrJ4dvJ0fcf5y798GQEiapFZ5ANTg/132',NULL,NULL,'oK_wn46zJQBEGvD7pmRrYPMRBTvA',0,66,69,9,'2020-07-27 10:04:20'),(20,'微信用户','https://xdj.funforever.cn/static/user.png',NULL,NULL,'oK_wn44C3piBNzRMgjhIP5Yqb0wU',0,66,69,9,'2020-07-27 17:35:04'),(21,'微信用户','https://xdj.funforever.cn/static/user.png',NULL,NULL,'o6EPy5LChBzxSr5bbGPK3ywdI-Fg',10,66,69,9,'2020-07-30 15:38:55'),(22,'微信用户','https://xdj.funforever.cn/static/user.png',NULL,NULL,'o6EPy5EIE9rxC1LxSa32J9RV_gHY',0,66,NULL,9,'2020-08-05 01:40:12'),(23,'微信用户','https://xdj.funforever.cn/static/user.png',NULL,NULL,'o6EPy5OR3yL3NXvja5m36HFGrOFs',0,66,69,9,'2020-08-07 18:29:36'),(24,'微信用户','https://xdj.funforever.cn/static/user.png',NULL,NULL,'o6EPy5JOzWwoNNdYFEqToxp5YgB0',0,66,69,9,'2020-08-08 15:33:17'),(25,'辛福','https://wx.qlogo.cn/mmopen/vi_32/PiajxSqBRaEJOia8FnLCcEYyS0WyeHsrsgwoeRujKRpoI4gbaZWlye82l6QvpsoLqdXlM2QbHV4NicfSAkfaFWIUA/132',NULL,NULL,'o6EPy5NEuS-iXPGGrwgirV0svYTE',0,66,69,9,'2020-08-08 15:33:17'),(26,'微信用户','https://xdj.funforever.cn/static/user.png',NULL,NULL,'o6EPy5NeqdgDx39AkUP9rsOVbt-o',0,66,69,9,'2020-08-08 15:33:31'),(27,'Sorry（鋭）','https://wx.qlogo.cn/mmopen/vi_32/X3EnuoQHK0JVJtEX4ByKKvh6oQAjnf1dsZW3wI5GMTHcBRBxQppszY4RpMWUb9Dyjre3dHH9aYfsV2SOraqyUQ/132',NULL,NULL,'o6EPy5IKHqVaDpQk9Al7GOcAvkwY',0,66,69,9,'2020-08-10 16:47:20'),(28,'微信用户','https://xdj.funforever.cn/static/user.png',NULL,NULL,'123456',0,66,69,9,'2020-08-11 16:47:04'),(60,'Sorry（鋭）','https://wx.qlogo.cn/mmopen/vi_32/X3EnuoQHK0JVJtEX4ByKKvh6oQAjnf1dsZW3wI5GMTHcBRBxQppszY4RpMWUb9Dyjre3dHH9aYfsV2SOraqyUQ/132','一一','13824342251','o6EPy5IKHqVaDpQk9Al7GOcAvkwY',803.81,66,69,1,'2020-08-12 14:22:34'),(61,'微信用户','https://xdj.funforever.cn/static/user.png',NULL,NULL,'o6EPy5LZSeidJU6VojLF0cLXvT6w',0,66,69,1,'2020-08-12 14:23:03'),(62,'微信用户','https://xdj.funforever.cn/static/user.png',NULL,NULL,'o6EPy5L9N1tCqjqtc9omMcBhbLbw',0,60,59,1,'2020-08-12 16:19:15'),(63,'微信用户','https://xdj.funforever.cn/static/user.png',NULL,NULL,'o6EPy5DlEy2CvT0FwsxZSOAy9atY',0,60,59,1,'2020-08-12 17:02:55'),(64,'微信用户','https://xdj.funforever.cn/static/user.png',NULL,NULL,'o6EPy5DlEy2CvT0FwsxZSOAy9atY',0,60,NULL,1,'2020-08-12 17:02:55'),(65,'微信用户','https://xdj.funforever.cn/static/user.png',NULL,NULL,'o6EPy5FBhdl32gZL2F2TELJvYLSw',0,60,59,1,'2020-08-12 17:07:26'),(66,'微信用户','https://xdj.funforever.cn/static/user.png',NULL,NULL,'o6EPy5PBnBLKHnRcXwiCtKmmqS7k',0,60,63,1,'2020-08-12 17:54:41'),(67,'微信用户','https://xdj.funforever.cn/static/user.png',NULL,NULL,'o6EPy5NQMNpX_JPvcQ4WNZ8O2B-8',0,60,59,1,'2020-08-13 10:19:24'),(68,'微信用户','https://xdj.funforever.cn/static/user.png',NULL,NULL,'o6EPy5NQMNpX_JPvcQ4WNZ8O2B-8',0,60,NULL,1,'2020-08-13 10:19:25'),(69,'微信用户','https://xdj.funforever.cn/static/user.png',NULL,NULL,'o6EPy5F4ijmZ_4ymRHSg-1O3TEJc',0,60,59,1,'2020-08-13 10:33:49'),(70,'微信用户','https://xdj.funforever.cn/static/user.png',NULL,NULL,'o6EPy5I-iJzyDb0PX59GF5u3gSfc',0,60,59,1,'2020-08-13 17:56:04'),(71,'微信用户','https://xdj.funforever.cn/static/user.png',NULL,NULL,'o6EPy5AoBu1vHrTuL7zNCKat6W00',0,60,59,1,'2020-08-13 22:08:02'),(72,'微信用户','https://xdj.funforever.cn/static/user.png',NULL,NULL,'o6EPy5NEuS-iXPGGrwgirV0svYTE',0,60,NULL,1,'2020-08-14 14:46:31'),(73,'微信用户','https://xdj.funforever.cn/static/user.png',NULL,NULL,'o6EPy5LwQ1_15W_7XvxXRd8jg6QY',0,60,60,1,'2020-08-14 15:17:12'),(74,'微信用户','https://xdj.funforever.cn/static/user.png',NULL,NULL,'o6EPy5A3tlCYXw6Jo5AEw7gjwpkc',0,60,59,1,'2020-08-14 17:51:05'),(75,'微信用户','https://xdj.funforever.cn/static/user.png',NULL,NULL,'o6EPy5FzBTBdGKuEa0zTX3pAY-oA',0,60,59,1,'2020-08-14 19:13:40'),(76,'超_越梦想','https://wx.qlogo.cn/mmopen/vi_32/6FmlwOSTIIqI51kCArib7CicwgCRhzVibmj4szbBR93aXSS7uVdHUs9Gyx3lDc1S5IPz2ja6pKYPIKOxicEeL0dF6w/132',NULL,NULL,'o6EPy5M-TAz1mia14FAIPqxklIpk',0,60,59,1,'2020-08-17 15:42:16'),(77,'微信用户','https://xdj.funforever.cn/static/user.png',NULL,NULL,'o6EPy5L2NZhJEWNqObH45wFa3cw4',0,60,59,1,'2020-08-17 15:42:16'),(78,'微信用户','https://xdj.funforever.cn/static/user.png',NULL,NULL,'o6EPy5Mnl0Nc2pi_nIJXl85nkPoM',0,60,59,1,'2020-08-17 15:42:24'),(79,'微信用户','https://xdj.funforever.cn/static/user.png',NULL,NULL,'o6EPy5OQRlzf4TiLEHoZadMALOec',0,60,NULL,1,'2020-08-19 17:08:17'),(80,'微信用户','https://xdj.funforever.cn/static/user.png',NULL,NULL,'o6EPy5Me9WKtseruSOxYBQvhrQcA',0,60,NULL,1,'2020-08-20 04:10:10'),(81,'微信用户','https://xdj.funforever.cn/static/user.png',NULL,NULL,'o6EPy5O_X1cAb-cTv26EXuEdQq7M',0,60,63,1,'2020-08-26 12:44:28'),(82,'微信用户','https://xdj.funforever.cn/static/user.png',NULL,NULL,'o6EPy5M9YLPmW7l7NWSAyIu4_DKs',0,60,63,1,'2020-08-26 16:09:56'),(83,'微信用户','https://xdj.funforever.cn/static/user.png',NULL,NULL,'o6EPy5BMEjXlVWBZ1tYMKaHPu2K0',0,60,59,1,'2020-08-26 16:12:57'),(84,'微信用户','https://xdj.funforever.cn/static/user.png',NULL,NULL,'o6EPy5P_jX7OmYfogqXrfXwoaheA',0,60,NULL,1,'2020-08-26 23:55:47'),(85,'微信用户','https://xdj.funforever.cn/static/user.png',NULL,NULL,'o6EPy5J64FPdXMe6KYw4fzh8M86c',0,60,59,1,'2020-08-27 14:20:49'),(86,'哄哄','https://thirdwx.qlogo.cn/mmopen/vi_32/Q3auHgzwzM7l0o1DxQRPLwZlElfowltNWdib72E9OpNq0IClg7uEJP1DDSyrqcrNVxsjM8TdUengYGmhRtevIXg/132',NULL,NULL,'o6EPy5ERs1tBrdCVbAYhY6S8KLzE',0,60,59,1,'2020-08-28 16:14:46'),(87,'微信用户','https://thirdwx.qlogo.cn/mmopen/vi_32/POgEwh4mIHO4nibH0KlMECNjjGxQUq24ZEaGT4poC6icRiccVGKSyXwibcPq4BWmiaIGuG1icwxaQX6grC9VemZoJ8rg/132','zch','15364237592','oYlCm5b6QDQB9rqIs0iYi5s12YVM',0,66,69,1,'2022-12-07 23:26:45');

/*Table structure for table `db_user_charge` */

DROP TABLE IF EXISTS `db_user_charge`;

CREATE TABLE `db_user_charge` (
  `id` int(11) NOT NULL AUTO_INCREMENT,
  `code` varchar(200) DEFAULT NULL,
  `account_1` float DEFAULT NULL,
  `account_2` float DEFAULT NULL,
  `account_3` float DEFAULT NULL,
  `shop_id` int(11) DEFAULT NULL,
  `business_id` int(11) DEFAULT NULL,
  `user_id` int(11) DEFAULT NULL,
  `content` varchar(2000) DEFAULT NULL,
  `status` int(11) DEFAULT NULL,
  `create_date` datetime DEFAULT NULL,
  PRIMARY KEY (`id`),
  KEY `shop_id` (`shop_id`),
  KEY `user_id` (`user_id`),
  KEY `business_id` (`business_id`),
  CONSTRAINT `db_user_charge_ibfk_1` FOREIGN KEY (`shop_id`) REFERENCES `db_shop` (`id`),
  CONSTRAINT `db_user_charge_ibfk_2` FOREIGN KEY (`user_id`) REFERENCES `db_user` (`id`),
  CONSTRAINT `db_user_charge_ibfk_3` FOREIGN KEY (`business_id`) REFERENCES `db_business` (`id`)
) ENGINE=InnoDB AUTO_INCREMENT=27 DEFAULT CHARSET=utf8;

/*Data for the table `db_user_charge` */

insert  into `db_user_charge`(`id`,`code`,`account_1`,`account_2`,`account_3`,`shop_id`,`business_id`,`user_id`,`content`,`status`,`create_date`) values (1,'1020072511020848927',0.1,0.1,0.2,59,60,1,'微信充值',1,'2020-07-25 11:02:08'),(2,'1020073014192469165',0.2,0.3,0.5,59,60,9,'微信充值',0,'2020-07-30 14:19:25'),(3,'1020073014192505443',0.2,0.3,0.5,59,60,9,'微信充值',0,'2020-07-30 14:19:25'),(4,'1020073015022319162',0.1,0.5,0.6,63,60,9,'微信充值',0,'2020-07-30 15:02:23'),(5,'1020073015022895356',0.1,0.5,0.6,63,60,9,'微信充值',0,'2020-07-30 15:02:29'),(6,'1020073015022909738',0.1,0.5,0.6,63,60,9,'微信充值',0,'2020-07-30 15:02:29'),(7,'1020073015042291471',0.1,0.5,0.6,63,60,9,'微信充值',0,'2020-07-30 15:04:23'),(8,'1020073015405449733',0.1,0.5,0.6,59,60,9,'微信充值',0,'2020-07-30 15:40:54'),(9,'1020073015405465122',0.1,0.5,0.6,59,60,9,'微信充值',0,'2020-07-30 15:40:55'),(10,'1020073015414472867',0.2,0.3,0.5,59,60,9,'微信充值',0,'2020-07-30 15:41:45'),(11,'1020073015455389842',1000,100,1100,59,60,9,'微信充值',0,'2020-07-30 15:45:54'),(12,'1020073015460014280',0.1,0.2,0.3,59,60,9,'微信充值',1,'2020-07-30 15:46:00'),(13,'1020073114425441620',0.1,1000,1000.1,59,60,9,'微信充值',1,'2020-07-31 14:42:54'),(14,'1020080418181459392',0.1,1000,1000.1,63,60,9,'微信充值',1,'2020-08-04 18:18:15'),(15,'1020080518210469384',0.1,1000,1000.1,63,60,9,'微信充值',1,'2020-08-05 18:21:05'),(16,'1020080810224818027',0.1,1000,1000.1,59,60,2,'微信充值',0,'2020-08-08 10:22:48'),(17,'1020080810225403976',0.1,1000,1000.1,59,60,2,'微信充值',0,'2020-08-08 10:22:54'),(18,'1020080810230052711',1000,100,1100,59,60,2,'微信充值',0,'2020-08-08 10:23:01'),(19,'1020080810230639444',0.1,1000,1000.1,59,60,2,'微信充值',1,'2020-08-08 10:23:06'),(20,'1020081018241130999',1000,100,1100,63,60,9,'微信充值1000.0元，赠送100.0元',0,'2020-08-10 18:24:11'),(21,'1020081018241756379',1000,100,1100,63,60,9,'微信充值1000.0元，赠送100.0元',0,'2020-08-10 18:24:18'),(22,'1020081018251868093',1000,0,1000,63,60,9,'微信充值1000.0元',0,'2020-08-10 18:25:19'),(23,'1020081018252486761',1000,0,1000,63,60,9,'微信充值1000.0元',0,'2020-08-10 18:25:25'),(24,'1020081018262010161',0.01,1,1.01,63,60,9,'微信充值0.01元，赠送1.0元',1,'2020-08-10 18:26:20'),(25,'1020081214415085926',0.01,1,1.01,63,60,60,'微信充值0.01元，赠送1.0元',1,'2020-08-12 14:41:51'),(26,'1020081217472156643',0.1,1000,1000.1,63,60,60,'微信充值0.1元，赠送1000.0元',1,'2020-08-12 17:47:22');

/*Table structure for table `db_user_log` */

DROP TABLE IF EXISTS `db_user_log`;

CREATE TABLE `db_user_log` (
  `id` int(11) NOT NULL AUTO_INCREMENT,
  `code` varchar(2000) DEFAULT NULL,
  `user_id` int(11) DEFAULT NULL,
  `account` float DEFAULT NULL,
  `content` varchar(2000) DEFAULT NULL,
  `content_1` varchar(2000) DEFAULT NULL,
  `create_date` datetime DEFAULT NULL,
  PRIMARY KEY (`id`),
  KEY `user_id` (`user_id`),
  CONSTRAINT `db_user_log_ibfk_1` FOREIGN KEY (`user_id`) REFERENCES `db_user` (`id`)
) ENGINE=InnoDB AUTO_INCREMENT=130 DEFAULT CHARSET=utf8;

/*Data for the table `db_user_log` */

insert  into `db_user_log`(`id`,`code`,`user_id`,`account`,`content`,`content_1`,`create_date`) values (1,'20072016554398295',4,100,'商家29|刘志强充值100，备注：无',NULL,'2020-07-20 16:54:51'),(2,'20072016554398293',4,100,'商家29|刘志强充值100，备注：无',NULL,'2020-07-20 16:55:44'),(3,'20072016554398283',4,100,'商家29|刘志强扣费100，备注：无',NULL,'2020-07-20 16:59:00'),(4,'20072017021392161',4,-100,'商家29|刘志强扣费100，备注：无',NULL,'2020-07-20 17:02:14'),(5,'20072017022834097',4,200,'商家29|刘志强充值200，备注：无',NULL,'2020-07-20 17:02:28'),(6,'20072511021375075',1,0.2,'微信充值',NULL,'2020-07-25 11:02:14'),(7,'20073015460658799',9,0.3,'微信充值',NULL,'2020-07-30 15:46:07'),(8,'20073016492226977',9,-0.2,'门店29|刘志强扣费0.2，备注：扣除',NULL,'2020-07-30 16:49:22'),(9,'20073114430046611',9,1000.1,'微信充值',NULL,'2020-07-31 14:43:00'),(10,'20073114472305163',9,53,'支付订单20073114342738437',NULL,'2020-07-31 14:47:23'),(16,'20073115112937490',9,53,'订单20073114342738437退款',NULL,'2020-07-31 15:11:29'),(17,'20073115220220541',9,900,'支付订单20073115203429974',NULL,'2020-07-31 15:22:02'),(18,'20073115365146277',9,900,'订单20073115203429974退款',NULL,'2020-07-31 15:36:51'),(19,'20080310495833549',21,10,'门店29|刘志强充值10，备注：充值成功',NULL,'2020-08-03 10:49:58'),(20,'20080311010331973',1,1000,'门店29|刘志强充值1000，备注：无',NULL,'2020-08-03 11:01:03'),(21,'20080311013073622',1,100,'支付订单20080311011924877',NULL,'2020-08-03 11:01:31'),(22,'20080311045188128',1,100,'支付订单20080311044347466',NULL,'2020-08-03 11:04:52'),(23,'20080311065481989',1,100,'支付订单20080311063236013',NULL,'2020-08-03 11:06:55'),(24,'20080311282931278',1,99.95,'支付订单20080311224986295',NULL,'2020-08-03 11:28:29'),(25,'20080311311289826',1,99.95,'支付订单20080311310678689',NULL,'2020-08-03 11:31:13'),(27,'20080415060294973',9,80.1,'支付订单20080415011265354',NULL,'2020-08-04 15:06:03'),(28,'20080415542740119',9,80.1,'订单20080415011265354退款',NULL,'2020-08-04 15:54:27'),(29,'20080415554243243',9,80,'支付订单20080415553497416',NULL,'2020-08-04 15:55:42'),(30,'20080415562505936',9,80,'订单20080415553497416退款',NULL,'2020-08-04 15:56:25'),(31,'20080415574738230',9,80,'支付订单20080415572964030',NULL,'2020-08-04 15:57:47'),(32,'20080415583369568',9,30,'支付订单20080415582618573',NULL,'2020-08-04 15:58:34'),(33,'20080416031753729',9,80,'订单20080415572964030退款',NULL,'2020-08-04 16:03:18'),(34,'20080416032195242',9,30,'订单20080415582618573退款',NULL,'2020-08-04 16:03:22'),(38,'20080416090553452',9,0.1,'支付订单20080416084560869',NULL,'2020-08-04 16:09:06'),(39,'20080416105850462',9,0.1,'支付订单20080416105281510',NULL,'2020-08-04 16:10:59'),(40,'20080416114087088',9,0.1,'订单20080416084560869退款',NULL,'2020-08-04 16:11:41'),(41,'20080416340225143',9,0.1,'支付订单20080416244524239',NULL,'2020-08-04 16:34:02'),(42,'20080416360422840',9,0.2,'支付订单20080416354834456',NULL,'2020-08-04 16:36:04'),(43,'20080416363032997',9,0.1,'订单20080416244524239退款',NULL,'2020-08-04 16:36:30'),(44,'20080416363937988',9,0.2,'订单20080416354834456退款',NULL,'2020-08-04 16:36:39'),(45,'20080416372693493',9,0.1,'订单20080416105281510退款',NULL,'2020-08-04 16:37:27'),(46,'20080416503008352',9,0,'支付订单20080416471695647',NULL,'2020-08-04 16:50:30'),(47,'20080416531668791',9,0.1,'支付订单20080416524846271',NULL,'2020-08-04 16:53:17'),(48,'20080416533710937',9,0.1,'订单20080416524846271退款',NULL,'2020-08-04 16:53:37'),(49,'20080416542134090',9,0.1,'支付订单20080416540643018',NULL,'2020-08-04 16:54:21'),(50,'20080416573749128',9,0.1,'支付订单20080416572459465',NULL,'2020-08-04 16:57:37'),(51,'20080416594116997',9,0.1,'订单20080416572459465退款',NULL,'2020-08-04 16:59:41'),(52,'20080418172734384',9,-1000,'门店33|朱一扣费1000，备注：无',NULL,'2020-08-04 18:17:27'),(53,'20080418182050643',9,1000.1,'微信充值',NULL,'2020-08-04 18:18:21'),(54,'20080418182633178',9,80,'支付订单20080418180143481',NULL,'2020-08-04 18:18:26'),(55,'20080418385804537',9,80.1,'支付订单20080418385417294',NULL,'2020-08-04 18:38:58'),(57,'20080517520813923',9,40,'支付订单20080517473444159',NULL,'2020-08-05 17:52:08'),(58,'20080518040894449',9,0.1,'支付订单20080518040614514',NULL,'2020-08-05 18:04:09'),(59,'20080518211025274',9,1000.1,'微信充值',NULL,'2020-08-05 18:21:10'),(60,'20080616474451365',9,0.1,'支付订单20080616473716944',NULL,'2020-08-06 16:47:45'),(61,'20080810232384823',2,1000.1,'微信充值',NULL,'2020-08-08 10:23:24'),(62,'20080810393027928',2,0.05,'支付订单20080810392529993',NULL,'2020-08-08 10:39:30'),(63,'20081018262663854',9,1.01,'微信充值0.01元，赠送1.0元','微信充值0.01元，赠送1.0元','2020-08-10 18:26:27'),(64,'20081018282608193',9,0.01,'门店33|朱一充值0.01，备注：充值0.01 滴滴滴','门店飞翔一号门店线下充值0.01','2020-08-10 18:28:26'),(65,'20081018331403952',9,-0.02,'门店33|朱一扣费0.02，备注：扣除0.02','门店飞翔一号门店线下扣费0.02','2020-08-10 18:33:14'),(67,'20081018482043879',9,0.1,'支付订单20081018481673075','支付订单20081018481673075','2020-08-10 18:48:20'),(68,'20081018561147786',9,0.1,'支付订单20081018560551173','支付订单20081018560551173','2020-08-10 18:56:11'),(70,'20081114061276074',9,0.2,'支付订单20081018582636830','支付订单20081018582636830','2020-08-11 14:06:13'),(71,'20081114134648722',9,0.1,'支付订单20081114133572639','支付订单20081114133572639','2020-08-11 14:13:46'),(72,'20081114492127619',9,150,'支付订单20081114461526862','支付订单20081114461526862','2020-08-11 14:49:21'),(74,'20081115061527044',9,0.2,'支付订单20081115053017045','支付订单20081115053017045','2020-08-11 15:06:15'),(76,'20081115085606054',9,0.2,'订单20081115053017045退款','订单20081115053017045退款','2020-08-11 15:08:56'),(77,'20081115090372472',9,150,'订单20081114461526862退款','订单20081114461526862退款','2020-08-11 15:09:04'),(78,'20081115281691923',9,0.1,'支付订单20081115281150355','支付订单20081115281150355','2020-08-11 15:28:17'),(79,'20081115292696644',9,0.1,'支付订单20081115292129562','支付订单20081115292129562','2020-08-11 15:29:27'),(80,'20081115372505753',9,0.1,'支付订单20081115372090253','支付订单20081115372090253','2020-08-11 15:37:25'),(81,'20081115373583730',9,0.1,'订单20081115372090253退款','订单20081115372090253退款','2020-08-11 15:37:36'),(82,'20081116380514675',1,0.05,'支付订单20081116380164381','支付订单20081116380164381','2020-08-11 16:38:05'),(88,'20081116465797513',1,1.05,'支付订单20081116384313776','支付订单20081116384313776','2020-08-11 16:46:58'),(89,'20081116563339140',1,100,'门店29|刘志强充值100，备注：无','门店蓝图科技线下充值100','2020-08-11 16:56:33'),(90,'20081117061739523',1,1000,'门店，ID=29|刘志强充值1000，备注：现金充值','门店蓝图科技线下充值1000','2020-08-11 17:06:17'),(92,'20081117360093830',9,0.1,'支付订单20081117355734654','支付订单20081117355734654','2020-08-11 17:36:01'),(93,'20081118142002574',9,0.2,'支付订单20081117333950884','支付订单20081117333950884','2020-08-11 18:14:20'),(94,'20081210192818324',9,0.1,'支付订单20081210192300268','支付订单20081210192300268','2020-08-12 10:19:28'),(95,'20081210211308224',9,0.1,'支付订单20081210210949990','支付订单20081210210949990','2020-08-12 10:21:13'),(96,'20081210325142574',9,0.2,'支付订单20081210324818364','支付订单20081210324818364','2020-08-12 10:32:51'),(97,'20081210341769943',9,0.1,'门店|朱一（33）充值0.1，备注：无','门店飞翔一号门店线下充值0.1','2020-08-12 10:34:18'),(98,'20081210342673880',9,10,'门店|朱一（33）充值10，备注：无','门店飞翔一号门店线下充值10','2020-08-12 10:34:27'),(99,'20081210354364261',9,0.1,'门店|朱一（33）充值0.1，备注：无','门店飞翔一号门店线下充值0.1','2020-08-12 10:35:44'),(100,'20081210570119468',9,-9.8,'门店|朱一（33）扣费9.8，备注：扣一扣','门店飞翔一号门店线下扣费9.8','2020-08-12 10:57:01'),(101,'20081214415695255',60,1.01,'微信充值0.01元，赠送1.0元','微信充值0.01元，赠送1.0元','2020-08-12 14:41:57'),(102,'20081214420156554',60,0.2,'支付订单20081214412692234','支付订单20081214412692234','2020-08-12 14:42:02'),(103,'20081215402277174',60,0.3,'支付订单20081215391382192','支付订单20081215391382192','2020-08-12 15:40:23'),(104,'20081215414177238',60,0.2,'支付订单20081215413545060','支付订单20081215413545060','2020-08-12 15:41:42'),(105,'20081215433460950',60,0.1,'支付订单20081215432984998','支付订单20081215432984998','2020-08-12 15:43:35'),(106,'20081216015278211',60,0.1,'支付订单20081216014084251','支付订单20081216014084251','2020-08-12 16:01:53'),(107,'20081217274666943',60,0.1,'支付订单20081217182838437','支付订单20081217182838437','2020-08-12 17:27:47'),(108,'20081217473303741',60,1000.1,'微信充值0.1元，赠送1000.0元','微信充值0.1元，赠送1000.0元','2020-08-12 17:47:33'),(109,'20081217492226483',60,0.7,'支付订单20081217464441391','支付订单20081217464441391','2020-08-12 17:49:22'),(110,'20081415042267345',60,0.1,'支付订单20081415041874486','支付订单20081415041874486','2020-08-14 15:04:23'),(111,'20081415104782526',60,2.1,'支付订单20081415074865330','支付订单20081415074865330','2020-08-14 15:10:48'),(112,'20081415463600299',60,45,'支付订单20081415462431358','支付订单20081415462431358','2020-08-14 15:46:36'),(113,'20081415464435616',60,41,'支付订单20081415462424020','支付订单20081415462424020','2020-08-14 15:46:44'),(114,'20081415500409475',60,45,'订单20081415462431358退款','订单20081415462431358退款','2020-08-14 15:50:04'),(115,'20081415500791794',60,41,'订单20081415462424020退款','订单20081415462424020退款','2020-08-14 15:50:08'),(116,'20081415513079665',60,1.1,'支付订单20081415512413481','支付订单20081415512413481','2020-08-14 15:51:31'),(117,'20081415521939031',60,1.1,'支付订单20081415521659936','支付订单20081415521659936','2020-08-14 15:52:19'),(118,'20081415533755699',60,1.2,'支付订单20081415524718380','支付订单20081415524718380','2020-08-14 15:53:38'),(119,'20081417230767750',60,1.1,'支付订单20081417225119691','支付订单20081417225119691','2020-08-14 17:23:08'),(120,'20081417240760892',60,1.1,'支付订单20081417235969542','支付订单20081417235969542','2020-08-14 17:24:08'),(121,'20081417250794490',60,30.1,'支付订单20081417245340541','支付订单20081417245340541','2020-08-14 17:25:08'),(122,'20081417262480999',60,1.1,'支付订单20081417262113363','支付订单20081417262113363','2020-08-14 17:26:25'),(123,'20081709520845986',60,1.2,'支付订单20081709515601113','支付订单20081709515601113','2020-08-17 09:52:08'),(124,'20081709524371978',60,1.2,'订单20081709515601113退款','订单20081709515601113退款','2020-08-17 09:52:44'),(125,'20081709540658825',60,1.2,'支付订单20081709534139240','支付订单20081709534139240','2020-08-17 09:54:07'),(126,'20081709564134742',60,32.1,'支付订单20081709561828435','支付订单20081709561828435','2020-08-17 09:56:41'),(127,'20081710012879786',60,31.1,'支付订单20081710000433036','支付订单20081710000433036','2020-08-17 10:01:29'),(128,'20081715511310170',60,60.1,'支付订单20081715500728878','支付订单20081715500728878','2020-08-17 15:51:13'),(129,'20081715522893664',60,32.1,'支付订单20081715521654480','支付订单20081715521654480','2020-08-17 15:52:29');

/*Table structure for table `db_weixin_account` */

DROP TABLE IF EXISTS `db_weixin_account`;

CREATE TABLE `db_weixin_account` (
  `id` int(11) NOT NULL AUTO_INCREMENT,
  `access_token` varchar(200) DEFAULT NULL,
  `appid` varchar(200) DEFAULT NULL,
  `create_date` datetime DEFAULT NULL,
  PRIMARY KEY (`id`)
) ENGINE=InnoDB AUTO_INCREMENT=3 DEFAULT CHARSET=utf8;

/*Data for the table `db_weixin_account` */

insert  into `db_weixin_account`(`id`,`access_token`,`appid`,`create_date`) values (1,'36_MFDQInYTi8wTmeLq6mw_p2hKEgfhhINkmdz9Sse9ZLDE-A3fQI7K-7GqgfJjkenrASzTr7JueIPrAJPWpthmCbxYuX32ewLvSpYLEgvSf-aX4bM9nybdWvbFmCsqZp3LUvShb4Yfx2kQXiMcRFLeACAMAG','wx82a41fa4d6e054db','2020-08-13 17:07:54'),(2,'63_GAswjrcL5GR1Z7qROXNrWQXJdNkbbeEVOvi6qHsN7T4HUvndCD-wqqj10lNB5EdE2viaDrqwGxrF96L8uJ2iXNFlz-lyhHmiT7ue92GRnvDG7-GZfvhjY-ddflQHOMgAFALSQ','wxb471855023a7e717','2022-12-08 16:48:59');

/*Table structure for table `db_yuyuezhuowei` */

DROP TABLE IF EXISTS `db_yuyuezhuowei`;

CREATE TABLE `db_yuyuezhuowei` (
  `id` int(11) NOT NULL AUTO_INCREMENT,
  `code` varchar(200) DEFAULT NULL,
  `name` varchar(200) DEFAULT NULL,
  `mobile` varchar(200) DEFAULT NULL,
  `daodianshijian` varchar(200) DEFAULT NULL,
  `tables_type_id` int(11) DEFAULT NULL,
  `shop_id` int(11) DEFAULT NULL,
  `business_id` int(11) DEFAULT NULL,
  `user_id` int(11) DEFAULT NULL,
  `chuli_date` datetime DEFAULT NULL,
  `status` int(11) DEFAULT NULL,
  `create_date` datetime DEFAULT NULL,
  PRIMARY KEY (`id`),
  KEY `tables_type_id` (`tables_type_id`),
  KEY `shop_id` (`shop_id`),
  KEY `user_id` (`user_id`),
  KEY `business_id` (`business_id`),
  CONSTRAINT `db_yuyuezhuowei_ibfk_1` FOREIGN KEY (`tables_type_id`) REFERENCES `db_tables_type` (`id`),
  CONSTRAINT `db_yuyuezhuowei_ibfk_2` FOREIGN KEY (`shop_id`) REFERENCES `db_shop` (`id`),
  CONSTRAINT `db_yuyuezhuowei_ibfk_3` FOREIGN KEY (`user_id`) REFERENCES `db_user` (`id`),
  CONSTRAINT `db_yuyuezhuowei_ibfk_4` FOREIGN KEY (`business_id`) REFERENCES `db_business` (`id`)
) ENGINE=InnoDB AUTO_INCREMENT=12 DEFAULT CHARSET=utf8;

/*Data for the table `db_yuyuezhuowei` */

insert  into `db_yuyuezhuowei`(`id`,`code`,`name`,`mobile`,`daodianshijian`,`tables_type_id`,`shop_id`,`business_id`,`user_id`,`chuli_date`,`status`,`create_date`) values (11,'22120817003071116','微信用户','15364237592','12:00',16,69,66,87,NULL,9,'2022-12-08 17:00:31');

/*Table structure for table `db_yuyuezhuowei_rule` */

DROP TABLE IF EXISTS `db_yuyuezhuowei_rule`;

CREATE TABLE `db_yuyuezhuowei_rule` (
  `id` int(11) NOT NULL AUTO_INCREMENT,
  `daodianshijian` varchar(200) DEFAULT NULL,
  `shop_id` int(11) DEFAULT NULL,
  `create_date` datetime DEFAULT NULL,
  PRIMARY KEY (`id`),
  KEY `shop_id` (`shop_id`),
  CONSTRAINT `db_yuyuezhuowei_rule_ibfk_1` FOREIGN KEY (`shop_id`) REFERENCES `db_shop` (`id`)
) ENGINE=InnoDB AUTO_INCREMENT=61 DEFAULT CHARSET=utf8;

/*Data for the table `db_yuyuezhuowei_rule` */

insert  into `db_yuyuezhuowei_rule`(`id`,`daodianshijian`,`shop_id`,`create_date`) values (31,'10:00',59,'2020-07-30 15:14:23'),(32,'11:00',59,'2020-07-30 15:14:23'),(33,'12:00',59,'2020-07-30 15:14:23'),(34,'15:00',59,'2020-07-30 15:14:23'),(35,'16:00',59,'2020-07-30 15:14:23'),(36,'17:00',59,'2020-07-30 15:14:23'),(37,'9:00',63,'2020-08-05 16:27:14'),(38,'10:00',63,'2020-08-05 16:27:14'),(39,'11:00',63,'2020-08-05 16:27:14'),(40,'17:00',63,'2020-08-05 16:27:14'),(41,'18:00',63,'2020-08-05 16:27:14'),(42,'19:00',63,'2020-08-05 16:27:14'),(43,'20:00',63,'2020-08-05 16:27:14'),(44,'6:00',69,'2022-12-08 17:00:11'),(45,'7:00',69,'2022-12-08 17:00:11'),(46,'8:00',69,'2022-12-08 17:00:11'),(47,'9:00',69,'2022-12-08 17:00:11'),(48,'10:00',69,'2022-12-08 17:00:11'),(49,'11:00',69,'2022-12-08 17:00:11'),(50,'12:00',69,'2022-12-08 17:00:11'),(51,'13:00',69,'2022-12-08 17:00:11'),(52,'14:00',69,'2022-12-08 17:00:11'),(53,'15:00',69,'2022-12-08 17:00:11'),(54,'16:00',69,'2022-12-08 17:00:11'),(55,'17:00',69,'2022-12-08 17:00:11'),(56,'18:00',69,'2022-12-08 17:00:11'),(57,'19:00',69,'2022-12-08 17:00:11'),(58,'20:00',69,'2022-12-08 17:00:11'),(59,'21:00',69,'2022-12-08 17:00:11'),(60,'22:00',69,'2022-12-08 17:00:11');

/*!40101 SET SQL_MODE=@OLD_SQL_MODE */;
/*!40014 SET FOREIGN_KEY_CHECKS=@OLD_FOREIGN_KEY_CHECKS */;
/*!40014 SET UNIQUE_CHECKS=@OLD_UNIQUE_CHECKS */;
/*!40111 SET SQL_NOTES=@OLD_SQL_NOTES */;
